occurrence,citation_key,source_line,section,sentence_tex,claim_support,external_review_level,local_verdict
1,collberg1999,204,Introduction,"Software-watermarking models distinguish payload, recognition, and resilience \cite{collberg1999}.",Foundational watermarking models made these requirements explicit and separated static from dynamic embedding techniques.,ARCHIVED_SOURCE_EVIDENCE_AND_LOCAL_CONTEXT_RECHECKED,SINGLE_KEY_LOCAL_CONTEXT_REVIEWED
2,cousot2004watermark,204,Introduction,Semantics-based work makes preservation and attack effects explicit through abstract interpretation \cite{cousot2004watermark}.,Semantics-based work recast watermark construction and attack analysis through abstract interpretation.,PRIMARY_SOURCE_RECHECKED,SINGLE_KEY_LOCAL_CONTEXT_REVIEWED
3,codemark2023,204,Introduction,Transformation-based systems search semantics-preserving rewrites \cite{codemark2023}.,"CodeMark uses adaptive semantics-preserving transformations and evaluates harmlessness and robustness, supporting its role as a source-indexed transformation example.",PRIMARY_SOURCE_RECHECKED,SINGLE_KEY_LOCAL_CONTEXT_REVIEWED
4,sweet2024,206,Introduction,Generation-time systems selectively bias sampling probabilities \cite{sweet2024}.,SWEET applies a logit bias only at high-entropy generation positions and restricts its detection statistic correspondingly; this is not equivalent to deleting low-entropy tokens from the sampler support.,PRIMARY_SOURCE_RECHECKED,SINGLE_KEY_LOCAL_CONTEXT_REVIEWED
5,bollobas2013,212,Introduction,Polychromatic coloring is a standard combinatorial object \cite{bollobas2013}; the contribution is the semantics-to-incidence correspondence and its converse.,"A polychromatic coloring assigns colors so that every hyperedge contains every color, and the maximum number of colors is the hypergraph’s polychromatic number.",ARCHIVED_SOURCE_EVIDENCE_AND_LOCAL_CONTEXT_RECHECKED,SINGLE_KEY_LOCAL_CONTEXT_REVIEWED
6,plotkin1977,265,"Semantic Model / Programs, contexts, and behavior",Plotkin's account of LCF connected operational and denotational reasoning about observable behavior \cite{plotkin1977}.,Plotkin's account of LCF connected operational and denotational reasoning about observable behavior.,ARCHIVED_SOURCE_EVIDENCE_AND_LOCAL_CONTEXT_RECHECKED,SINGLE_KEY_LOCAL_CONTEXT_REVIEWED
7,milner1977,265,"Semantic Model / Programs, contexts, and behavior",Milner's full-abstraction formulation asks denotational equality to coincide with contextual indistinguishability \cite{milner1977}.,Milner's full-abstraction formulation asks denotational equality to coincide with contextual indistinguishability.,ARCHIVED_SOURCE_EVIDENCE_AND_LOCAL_CONTEXT_RECHECKED,SINGLE_KEY_LOCAL_CONTEXT_REVIEWED
8,howe1996,265,"Semantic Model / Programs, contexts, and behavior","For higher-order languages, bisimulation methods provide tractable proof principles for contextual equivalence; Howe's method is a canonical congruence technique \cite{howe1996}.","For higher-order languages, bisimulation methods provide tractable proof principles for contextual equivalence; Howe's method is a canonical congruence technique.",ARCHIVED_SOURCE_EVIDENCE_AND_LOCAL_CONTEXT_RECHECKED,SINGLE_KEY_LOCAL_CONTEXT_REVIEWED
9,denicola1984,265,"Semantic Model / Programs, contexts, and behavior",Process-testing equivalences similarly expose how the chosen experiment class determines observational identity \cite{denicola1984}.,Process-testing equivalences similarly expose how the chosen experiment class determines observational identity.,ARCHIVED_SOURCE_EVIDENCE_AND_LOCAL_CONTEXT_RECHECKED,SINGLE_KEY_LOCAL_CONTEXT_REVIEWED
10,howe1996,402,Semantic Model / From an implementation to the semantic relations,Positive results need evidence that the selected outputs stay in the declared behavior class; logical relations or bisimulation can certify particular pairs even when contextual equivalence is undecidable in general \cite{howe1996}.,"For higher-order languages, bisimulation methods provide tractable proof principles for contextual equivalence; Howe's method is a canonical congruence technique.",ARCHIVED_SOURCE_EVIDENCE_AND_LOCAL_CONTEXT_RECHECKED,SINGLE_KEY_LOCAL_CONTEXT_REVIEWED
11,codemark2023,428,Semantic Model / From an implementation to the semantic relations,CodeMark supplies candidate behavior and attack evidence around adaptive transformations \cite{codemark2023}.,"CodeMark uses adaptive semantics-preserving transformations and evaluates harmlessness and robustness, supporting its role as a source-indexed transformation example.",PRIMARY_SOURCE_RECHECKED,SINGLE_KEY_LOCAL_CONTEXT_REVIEWED
12,dopsteg2025,428,Semantic Model / From an implementation to the semantic relations,DopSteg makes reusable code fragments and constructed branch predicates part of source-dependent access \cite{dopsteg2025}.,"DopSteg uses data-oriented program fragments and constructed branches to embed information, supporting the separation of reachable choices from robustness obligations.",ARCHIVED_SOURCE_EVIDENCE_AND_LOCAL_CONTEXT_RECHECKED,SINGLE_KEY_LOCAL_CONTEXT_REVIEWED
13,sweet2024,428,Semantic Model / From an implementation to the semantic relations,SWEET applies logit bias and detection only at positions above an entropy threshold \cite{sweet2024}.,SWEET applies a logit bias only at high-entropy generation positions and restricts its detection statistic correspondingly; this is not equivalent to deleting low-entropy tokens from the sampler support.,PRIMARY_SOURCE_RECHECKED,SINGLE_KEY_LOCAL_CONTEXT_REVIEWED
14,codeip2024,428,Semantic Model / From an implementation to the semantic relations,CodeIP restricts grammar-guided choices \cite{codeip2024}.,"CodeIP uses grammar-guided constrained sampling for a multibit code watermark, supporting sampler access and explicit message-alphabet claims.",ARCHIVED_SOURCE_EVIDENCE_AND_LOCAL_CONTEXT_RECHECKED,SINGLE_KEY_LOCAL_CONTEXT_REVIEWED
15,stone2026,428,Semantic Model / From an implementation to the semantic relations,STONE excludes syntax-critical positions \cite{stone2026}.,"STONE avoids syntax-critical positions to preserve syntax and functionality while watermarking generated code, supporting source-dependent access restriction.",ARCHIVED_SOURCE_EVIDENCE_AND_LOCAL_CONTEXT_RECHECKED,SINGLE_KEY_LOCAL_CONTEXT_REVIEWED
16,clmtracing2025,428,Semantic Model / From an implementation to the semantic relations,CLMTracing separates utility-preserving injection from declared removal attacks \cite{clmtracing2025}.,"CLMTracing separates utility-preserving injection from declared removal attacks in black-box user-level tracing, supporting distinct access and attack contracts.",ARCHIVED_SOURCE_EVIDENCE_AND_LOCAL_CONTEXT_RECHECKED,SINGLE_KEY_LOCAL_CONTEXT_REVIEWED
17,codesensor2025,428,Semantic Model / From an implementation to the semantic relations,"Post-hoc CodeGPTSensor supplies a detector relation for origin recognition but, without an owner-controlled transformation, no access relation for exact insertion \cite{codesensor2025}.","CodeGPTSensor studies post-hoc discrimination of generated and human-written code, supporting recognition without an owner-controlled insertion relation.",ARCHIVED_SOURCE_EVIDENCE_AND_LOCAL_CONTEXT_RECHECKED,SINGLE_KEY_LOCAL_CONTEXT_REVIEWED
18,bollobas2013,818,Capacity under Observational Constraints / Crossing constraints / Expressiveness and computational boundary,Its maximum possible number of colors is the \emph{polychromatic number} of the hypergraph \cite{bollobas2013}.,"A polychromatic coloring assigns colors so that every hyperedge contains every color, and the maximum number of colors is the hypergraph’s polychromatic number.",ARCHIVED_SOURCE_EVIDENCE_AND_LOCAL_CONTEXT_RECHECKED,SINGLE_KEY_LOCAL_CONTEXT_REVIEWED
19,darmann2020,935,Capacity under Observational Constraints / Crossing constraints / Finitary-edge compactness and infinite-edge failure,"For hardness, reduce from monotone not-all-equal 3-SAT with exactly three distinct variables per clause, which is NP-complete even under stronger bounded-occurrence and linearity restrictions \cite{darmann2020}.","Monotone not-all-equal 3-SAT remains NP-complete under distinct-variable, bounded-occurrence, and linearity restrictions, supporting the restricted hardness boundary used here.",ARCHIVED_SOURCE_EVIDENCE_AND_LOCAL_CONTEXT_RECHECKED,SINGLE_KEY_LOCAL_CONTEXT_REVIEWED
20,darmann2020,1164,Capacity under Observational Constraints / Source-dependent access / Expressiveness and complexity under refined observation,"For hardness, use the same monotone distinct-variable not-all-equal 3-SAT source \cite{darmann2020}.","Monotone not-all-equal 3-SAT remains NP-complete under distinct-variable, bounded-occurrence, and linearity restrictions, supporting the restricted hardness boundary used here.",ARCHIVED_SOURCE_EVIDENCE_AND_LOCAL_CONTEXT_RECHECKED,SINGLE_KEY_LOCAL_CONTEXT_REVIEWED
21,shannon1956,1617,Capacity under Observational Constraints / Coordinated repetition,"This strict gain resembles the separation between one-use and repeated zero-error capacity, but the confusability object and operational interpretation differ \cite{shannon1956}.",Shannon introduced zero-error capacity and showed why repeated coordinated uses can have a rate not visible from a single use.,ARCHIVED_SOURCE_EVIDENCE_AND_LOCAL_CONTEXT_RECHECKED,SINGLE_KEY_LOCAL_CONTEXT_REVIEWED
22,rice1953,1838,Recognition and Finite Evidence / Observability in principle,Nontrivial extensional properties can be undecidable in Turing-complete languages \cite{rice1953}.,"Sixth, semantic observability says nothing by itself about effective decidability; Rice's theorem still blocks algorithms for nontrivial extensional properties in general-purpose Turing-complete settings.",ARCHIVED_SOURCE_EVIDENCE_AND_LOCAL_CONTEXT_RECHECKED,SINGLE_KEY_LOCAL_CONTEXT_REVIEWED
23,korovina2017,1838,Recognition and Finite Evidence / Observability in principle,Rice--Shapiro-type results connect finite positive information with topology in computable settings \cite{korovina2017}.,Computable-topological refinements such as Rice--Shapiro characterize when positive information can be witnessed by finite computation in suitable domains.,ARCHIVED_SOURCE_EVIDENCE_AND_LOCAL_CONTEXT_RECHECKED,SINGLE_KEY_LOCAL_CONTEXT_REVIEWED
24,milner1977,2055,Examples and Design Implications / Consequences for Watermark Design / Full abstraction is hostile to arbitrary insertion,Full abstraction aligns semantic equality with contextual indistinguishability \cite{milner1977}.,Milner's full-abstraction formulation asks denotational equality to coincide with contextual indistinguishability.,ARCHIVED_SOURCE_EVIDENCE_AND_LOCAL_CONTEXT_RECHECKED,SINGLE_KEY_LOCAL_CONTEXT_REVIEWED
25,collberg2004,2059,Examples and Design Implications / Consequences for Watermark Design / Security claims must not hide the observation contract,Dynamic path-based watermarking uses branching behavior as a carrier and evaluates resilience against concrete transformations \cite{collberg2004}.,Dynamic path-based systems demonstrated that substantial marks can be carried by selected execution behavior under a concrete attack model.,ARCHIVED_SOURCE_EVIDENCE_AND_LOCAL_CONTEXT_RECHECKED,SINGLE_KEY_LOCAL_CONTEXT_REVIEWED
26,dallapreda2019,2059,Examples and Design Implications / Consequences for Watermark Design / Security claims must not hide the observation contract,Semantics-based watermarking makes the chosen abstraction explicit and treats attacks as semantic transformers \cite{dallapreda2019}.,"The semantics-based framework formalizes watermark secrecy, resilience, transparence, and accuracy through abstract-interpretation completeness; this paper instead classifies exact selectable message alphabets under fixed equality and source-access contracts.",PRIMARY_SOURCE_RECHECKED,SINGLE_KEY_LOCAL_CONTEXT_REVIEWED
27,cohen2018,2061,Examples and Design Implications / Consequences for Watermark Design / Security claims must not hide the observation contract,"Cohen et al.\ obtain watermarking for cryptographic capabilities under assumptions and relaxed correctness, while also extending impossibility results \cite{cohen2018}.","Cryptographic watermarking can exploit secret keys, computationally bounded adversaries, and relaxed correctness; one influential construction obtains positive results precisely after permitting negligible functional error.",ARCHIVED_SOURCE_EVIDENCE_AND_LOCAL_CONTEXT_RECHECKED,SINGLE_KEY_LOCAL_CONTEXT_REVIEWED
28,barak2012,2061,Examples and Design Implications / Consequences for Watermark Design / Security claims must not hide the observation contract,The virtual-black-box obfuscation impossibility literature likewise distinguishes what is observable from code and from black-box access \cite{barak2012}.,The virtual-black-box obfuscation impossibility literature likewise distinguishes what is observable from code and from black-box access.,ARCHIVED_SOURCE_EVIDENCE_AND_LOCAL_CONTEXT_RECHECKED,SINGLE_KEY_LOCAL_CONTEXT_REVIEWED
29,cousot1977,2092,Examples and Design Implications / A bit carried by forward refinement / Transformations and secure compilation,Abstract interpretation provides a systematic language for sound approximations and transformations \cite{cousot1977}.,Abstract interpretation provides a systematic language for sound approximations and transformations.,ARCHIVED_SOURCE_EVIDENCE_AND_LOCAL_CONTEXT_RECHECKED,SINGLE_KEY_LOCAL_CONTEXT_REVIEWED
30,benton2004,2092,Examples and Design Implications / A bit carried by forward refinement / Transformations and secure compilation,Relational program logics can prove that transformations preserve specified observations \cite{benton2004}.,Relational program logics can prove that transformations preserve specified observations.,ARCHIVED_SOURCE_EVIDENCE_AND_LOCAL_CONTEXT_RECHECKED,SINGLE_KEY_LOCAL_CONTEXT_REVIEWED
31,abate2021,2092,Examples and Design Implications / A bit carried by forward refinement / Transformations and secure compilation,Secure-compilation criteria strengthen correctness by requiring target contexts not to introduce source-impossible behaviors; trace-relating formulations make the source-target observation relation explicit \cite{abate2021}.,Secure-compilation criteria strengthen correctness by requiring target contexts not to introduce source-impossible behaviors; trace-relating formulations make the source-target observation relation explicit.,ARCHIVED_SOURCE_EVIDENCE_AND_LOCAL_CONTEXT_RECHECKED,SINGLE_KEY_LOCAL_CONTEXT_REVIEWED
32,patrignani2021,2092,Examples and Design Implications / A bit carried by forward refinement / Transformations and secure compilation,Robustly safe compilation focuses on preserving safety properties against adversarial contexts \cite{patrignani2021}.,Robustly safe compilation focuses on preserving safety properties against adversarial contexts.,ARCHIVED_SOURCE_EVIDENCE_AND_LOCAL_CONTEXT_RECHECKED,SINGLE_KEY_LOCAL_CONTEXT_REVIEWED
33,collberg1999,2284,Related Work and Limitations / Software watermarking mechanisms,"The classic model separates embedding, recognition, data rate, stealth, and resilience, and distinguishes static from dynamic carriers \cite{collberg1999}.",Foundational watermarking models made these requirements explicit and separated static from dynamic embedding techniques.,ARCHIVED_SOURCE_EVIDENCE_AND_LOCAL_CONTEXT_RECHECKED,SINGLE_KEY_LOCAL_CONTEXT_REVIEWED
34,collberg2002,2287,Related Work and Limitations / Software watermarking mechanisms,A broader protection taxonomy places watermarking beside tamper-proofing and obfuscation rather than treating those goals as interchangeable \cite{collberg2002}.,Subsequent surveys emphasized that transformation resilience and tamper resistance are central to practical software protection.,ARCHIVED_SOURCE_EVIDENCE_AND_LOCAL_CONTEXT_RECHECKED,SINGLE_KEY_LOCAL_CONTEXT_REVIEWED
35,collberg1998,2288,Related Work and Limitations / Software watermarking mechanisms,Opaque constructs supplied early transformation-controlled values intended to resist program analysis \cite{collberg1998}.,Cheap opaque constructs were introduced as building blocks whose values are known to a transformer but intended to resist program analysis.,ARCHIVED_SOURCE_EVIDENCE_AND_LOCAL_CONTEXT_RECHECKED,SINGLE_KEY_LOCAL_CONTEXT_REVIEWED
36,palsberg2000,2290,Related Work and Limitations / Software watermarking mechanisms,"Implementation studies then showed that carrier placement, transformation budget, and the attack model matter as much as nominal payload \cite{palsberg2000}.","Early implementation experience showed that practical watermark quality depends on the representation, transformation budget, and attack model rather than on payload size alone.",ARCHIVED_SOURCE_EVIDENCE_AND_LOCAL_CONTEXT_RECHECKED,SINGLE_KEY_LOCAL_CONTEXT_REVIEWED
37,monden2000,2294,Related Work and Limitations / Software watermarking mechanisms,A Java-source construction demonstrated embedding and extraction under ordinary program manipulation \cite{monden2000}.,Monden and colleagues embed watermarks in Java class files and evaluate obfuscator and decompile/recompile attacks; these tests do not establish universal contextual preservation.,METADATA_RECHECKED,SINGLE_KEY_LOCAL_CONTEXT_REVIEWED
38,venkatesan2001,2295,Related Work and Limitations / Software watermarking mechanisms,Control-flow watermarking made graph recovery part of detection \cite{venkatesan2001}.,Graph-theoretic watermarking encoded a value in a control-flow graph and made graph recovery part of the detection problem.,ARCHIVED_SOURCE_EVIDENCE_AND_LOCAL_CONTEXT_RECHECKED,SINGLE_KEY_LOCAL_CONTEXT_REVIEWED
39,nagra2004,2297,Related Work and Limitations / Software watermarking mechanisms,Threaded watermarking encodes and recognizes a bit string through thread contention \cite{nagra2004}.,Threading Software Watermarks encodes and recognizes a bit string using thread contention; its runtime synchronization opportunities motivate source-dependent carrier availability.,PRIMARY_SOURCE_RECHECKED,SINGLE_KEY_LOCAL_CONTEXT_REVIEWED
40,myles2006,2299,Related Work and Limitations / Software watermarking mechanisms,Opaque-predicate watermarking exposed the gap between an available carrier and a label that survives transformation \cite{myles2006}.,"Opaque-predicate watermarking was implemented and subjected to distortive attacks, exposing the difference between carrier availability and attack robustness.",ARCHIVED_SOURCE_EVIDENCE_AND_LOCAL_CONTEXT_RECHECKED,SINGLE_KEY_LOCAL_CONTEXT_REVIEWED
41,collberg2004,2301,Related Work and Limitations / Software watermarking mechanisms,"Path-based watermarking combined path selection, coding, and tamper resistance for one transformation family \cite{collberg2004}.",Dynamic path-based systems demonstrated that substantial marks can be carried by selected execution behavior under a concrete attack model.,ARCHIVED_SOURCE_EVIDENCE_AND_LOCAL_CONTEXT_RECHECKED,SINGLE_KEY_LOCAL_CONTEXT_REVIEWED
42,collberg2007fingerprinting,2303,Related Work and Limitations / Software watermarking mechanisms,Dynamic graph fingerprinting based resilience on the difficulty of reconstructing an execution-time alias structure \cite{collberg2007fingerprinting}.,Dynamic graph fingerprinting placed a graph in program execution state and argued resilience through the difficulty of recovering alias structure.,ARCHIVED_SOURCE_EVIDENCE_AND_LOCAL_CONTEXT_RECHECKED,SINGLE_KEY_LOCAL_CONTEXT_REVIEWED
43,codemark2023,2309,Related Work and Limitations / Software watermarking mechanisms,CodeMark selects source-dependent semantics-preserving rewrites and evaluates harmlessness and robustness \cite{codemark2023}.,"CodeMark uses adaptive semantics-preserving transformations and evaluates harmlessness and robustness, supporting its role as a source-indexed transformation example.",PRIMARY_SOURCE_RECHECKED,SINGLE_KEY_LOCAL_CONTEXT_REVIEWED
44,sweet2024,2311,Related Work and Limitations / Software watermarking mechanisms,SWEET conditions both logit bias and detection on token entropy; it does not remove low-entropy tokens from generated code \cite{sweet2024}.,SWEET applies a logit bias only at high-entropy generation positions and restricts its detection statistic correspondingly; this is not equivalent to deleting low-entropy tokens from the sampler support.,PRIMARY_SOURCE_RECHECKED,SINGLE_KEY_LOCAL_CONTEXT_REVIEWED
45,codeip2024,2312,Related Work and Limitations / Software watermarking mechanisms,CodeIP uses grammar-guided sampling to carry a multibit identifier \cite{codeip2024}.,"CodeIP uses grammar-guided constrained sampling for a multibit code watermark, supporting sampler access and explicit message-alphabet claims.",ARCHIVED_SOURCE_EVIDENCE_AND_LOCAL_CONTEXT_RECHECKED,SINGLE_KEY_LOCAL_CONTEXT_REVIEWED
46,stone2026,2314,Related Work and Limitations / Software watermarking mechanisms,STONE avoids syntax-critical positions to protect syntactic and functional validity \cite{stone2026}.,"STONE avoids syntax-critical positions to preserve syntax and functionality while watermarking generated code, supporting source-dependent access restriction.",ARCHIVED_SOURCE_EVIDENCE_AND_LOCAL_CONTEXT_RECHECKED,SINGLE_KEY_LOCAL_CONTEXT_REVIEWED
47,clmtracing2025,2315,Related Work and Limitations / Software watermarking mechanisms,CLMTracing separates utility-preserving injection from removal attacks in a black-box tracing setting \cite{clmtracing2025}.,"CLMTracing separates utility-preserving injection from declared removal attacks in black-box user-level tracing, supporting distinct access and attack contracts.",ARCHIVED_SOURCE_EVIDENCE_AND_LOCAL_CONTEXT_RECHECKED,SINGLE_KEY_LOCAL_CONTEXT_REVIEWED
48,dopsteg2025,2317,Related Work and Limitations / Software watermarking mechanisms,DopSteg constructs choices from reusable data-oriented fragments and branch predicates \cite{dopsteg2025}.,"DopSteg uses data-oriented program fragments and constructed branches to embed information, supporting the separation of reachable choices from robustness obligations.",ARCHIVED_SOURCE_EVIDENCE_AND_LOCAL_CONTEXT_RECHECKED,SINGLE_KEY_LOCAL_CONTEXT_REVIEWED
49,codesensor2025,2319,Related Work and Limitations / Software watermarking mechanisms,"CodeGPTSensor studies post-hoc origin recognition, which provides a detector partition but not owner-controlled insertion access \cite{codesensor2025}.","CodeGPTSensor studies post-hoc discrimination of generated and human-written code, supporting recognition without an owner-controlled insertion relation.",ARCHIVED_SOURCE_EVIDENCE_AND_LOCAL_CONTEXT_RECHECKED,SINGLE_KEY_LOCAL_CONTEXT_REVIEWED
50,swarl2026,2324,Related Work and Limitations / Software watermarking mechanisms,"SWaRL jointly trains a generator and confidential verifier with compiler feedback, so its evidence concerns learned generation-time fidelity and detection \cite{swarl2026}.","SWaRL jointly trains a code generator and a confidential verifier with compiler feedback, so its evidence concerns learned generation-time fidelity and detection rather than a mechanism-independent existence boundary.",PRIMARY_SOURCE_RECHECKED,SINGLE_KEY_LOCAL_CONTEXT_REVIEWED
51,ducodemark2026,2326,Related Work and Limitations / Software watermarking mechanisms,DuCodeMark protects code datasets with style-aware trigger--target pairs and repressible poisoning across source and decompilation tasks \cite{ducodemark2026}.,DuCodeMark combines style-aware code-dataset trigger--target pairs with repressible poisoned features; its dataset/model verification objective differs from a per-source exact semantic channel.,METADATA_RECHECKED,SINGLE_KEY_LOCAL_CONTEXT_REVIEWED
52,choi2026spread,2328,Related Work and Limitations / Software watermarking mechanisms,Multi-channel spread-spectrum watermarking combines naming and syntactic carriers with error correction \cite{choi2026spread}.,"Multi-channel spread-spectrum code watermarking combines naming and syntactic carriers with error correction, but begins from a fixed carrier inventory and attack taxonomy that a semantic instance must separately justify.",PRIMARY_SOURCE_RECHECKED,SINGLE_KEY_LOCAL_CONTEXT_REVIEWED
53,zhang2025disappearing,2329,Related Work and Limitations / Software watermarking mechanisms,Disappearing Ink gives an obfuscation attack on n-gram detectors under a distribution-consistency assumption \cite{zhang2025disappearing}.,"Under its distribution-consistency assumption, Disappearing Ink models obfuscation as a Markov walk and derives a detector failure rate approaching one minus the false-positive rate; this attack-specific stochastic result is not a universal exact-channel impossibility theorem.",PRIMARY_SOURCE_RECHECKED,SINGLE_KEY_LOCAL_CONTEXT_REVIEWED
54,cousot2004watermark,2336,Related Work and Limitations / Software watermarking mechanisms,Abstract-interpretation-based watermarking exposes both the semantic abstraction and the effect of attacks \cite{cousot2004watermark}.,Semantics-based work recast watermark construction and attack analysis through abstract interpretation.,PRIMARY_SOURCE_RECHECKED,SINGLE_KEY_LOCAL_CONTEXT_REVIEWED
55,dallapreda2017,2338,Related Work and Limitations / Software watermarking mechanisms,Later formulations relate watermark correctness to selected program abstractions \cite{dallapreda2017}.,A semantics-based formulation subsequently related watermark correctness to selected program abstractions.,PRIMARY_SOURCE_RECHECKED,SINGLE_KEY_LOCAL_CONTEXT_REVIEWED
56,dallapreda2019,2340,Related Work and Limitations / Software watermarking mechanisms,"An extended account formalizes secrecy, resilience, transparency, and accuracy through abstraction and completeness conditions \cite{dallapreda2019}.","The semantics-based framework formalizes watermark secrecy, resilience, transparence, and accuracy through abstract-interpretation completeness; this paper instead classifies exact selectable message alphabets under fixed equality and source-access contracts.",PRIMARY_SOURCE_RECHECKED,SINGLE_KEY_LOCAL_CONTEXT_REVIEWED
57,dallapreda2008,2342,Related Work and Limitations / Software watermarking mechanisms,Loop-structure watermarking gives a concrete case in which a structural abstraction changes while a chosen semantic abstraction is preserved \cite{dallapreda2008}.,Loop-structure watermarking gave a concrete example in which a structural abstraction changes while a chosen semantic abstraction is preserved.,ARCHIVED_SOURCE_EVIDENCE_AND_LOCAL_CONTEXT_RECHECKED,SINGLE_KEY_LOCAL_CONTEXT_REVIEWED
58,cohen2018,2348,Related Work and Limitations / Software watermarking mechanisms,Cryptographic watermarking formalizes correctness and unremovability against computationally bounded keyed adversaries \cite{cohen2018}.,"Cryptographic watermarking can exploit secret keys, computationally bounded adversaries, and relaxed correctness; one influential construction obtains positive results precisely after permitting negligible functional error.",ARCHIVED_SOURCE_EVIDENCE_AND_LOCAL_CONTEXT_RECHECKED,SINGLE_KEY_LOCAL_CONTEXT_REVIEWED
59,barak2012,2350,Related Work and Limitations / Software watermarking mechanisms,General obfuscation impossibility results use computational definitions and specially constructed program families \cite{barak2012}.,The virtual-black-box obfuscation impossibility literature likewise distinguishes what is observable from code and from black-box access.,ARCHIVED_SOURCE_EVIDENCE_AND_LOCAL_CONTEXT_RECHECKED,SINGLE_KEY_LOCAL_CONTEXT_REVIEWED
60,plotkin1977,2359,Related Work and Limitations / Behavioral equivalence and observations,Operational accounts of functional languages made contextual behavior a primary semantic object \cite{plotkin1977}.,Plotkin's account of LCF connected operational and denotational reasoning about observable behavior.,ARCHIVED_SOURCE_EVIDENCE_AND_LOCAL_CONTEXT_RECHECKED,SINGLE_KEY_LOCAL_CONTEXT_REVIEWED
61,milner1977,2361,Related Work and Limitations / Behavioral equivalence and observations,Full abstraction requires denotational equality to coincide with contextual equality \cite{milner1977}.,Milner's full-abstraction formulation asks denotational equality to coincide with contextual indistinguishability.,ARCHIVED_SOURCE_EVIDENCE_AND_LOCAL_CONTEXT_RECHECKED,SINGLE_KEY_LOCAL_CONTEXT_REVIEWED
62,abramsky1993,2362,Related Work and Limitations / Behavioral equivalence and observations,The lazy lambda calculus gives a canonical result in which the observation language fixes the quotient \cite{abramsky1993}.,The lazy lambda calculus provides a canonical full-abstraction result in which the observation language fixes the semantic quotient.,ARCHIVED_SOURCE_EVIDENCE_AND_LOCAL_CONTEXT_RECHECKED,SINGLE_KEY_LOCAL_CONTEXT_REVIEWED
63,mason1991,2364,Related Work and Limitations / Behavioral equivalence and observations,Equivalence for effectful functional languages shows that the chosen effects materially change it \cite{mason1991}.,Equivalence for effectful functional languages shows that the chosen effects and observations materially change that quotient.,ARCHIVED_SOURCE_EVIDENCE_AND_LOCAL_CONTEXT_RECHECKED,SINGLE_KEY_LOCAL_CONTEXT_REVIEWED
64,denicola1984,2365,Related Work and Limitations / Behavioral equivalence and observations,Testing equivalence exposes the experiment class directly for processes \cite{denicola1984}.,Process-testing equivalences similarly expose how the chosen experiment class determines observational identity.,ARCHIVED_SOURCE_EVIDENCE_AND_LOCAL_CONTEXT_RECHECKED,SINGLE_KEY_LOCAL_CONTEXT_REVIEWED
65,hennessy1985,2367,Related Work and Limitations / Behavioral equivalence and observations,Algebraic laws for nondeterminism characterize consequences of those observations compositionally \cite{hennessy1985}.,Algebraic laws for nondeterminism characterize consequences of those observations compositionally.,ARCHIVED_SOURCE_EVIDENCE_AND_LOCAL_CONTEXT_RECHECKED,SINGLE_KEY_LOCAL_CONTEXT_REVIEWED
66,howe1996,2371,Related Work and Limitations / Behavioral equivalence and observations,Howe's method proves congruence for suitable applicative bisimulations \cite{howe1996}.,"For higher-order languages, bisimulation methods provide tractable proof principles for contextual equivalence; Howe's method is a canonical congruence technique.",ARCHIVED_SOURCE_EVIDENCE_AND_LOCAL_CONTEXT_RECHECKED,SINGLE_KEY_LOCAL_CONTEXT_REVIEWED
67,sangiorgi1998,2372,Related Work and Limitations / Behavioral equivalence and observations,Sangiorgi isolates the general proof obligations behind such methods \cite{sangiorgi1998}.,Sangiorgi's treatment isolates the general proof obligations behind bisimulation methods.,ARCHIVED_SOURCE_EVIDENCE_AND_LOCAL_CONTEXT_RECHECKED,SINGLE_KEY_LOCAL_CONTEXT_REVIEWED
68,sangiorgi2011,2373,Related Work and Limitations / Behavioral equivalence and observations,Environmental bisimulation records an observer's accumulated knowledge about higher-order values \cite{sangiorgi2011}.,Environmental bisimulation handles higher-order values by recording the observer's accumulated knowledge.,ARCHIVED_SOURCE_EVIDENCE_AND_LOCAL_CONTEXT_RECHECKED,SINGLE_KEY_LOCAL_CONTEXT_REVIEWED
69,sangiorgi2019,2375,Related Work and Limitations / Behavioral equivalence and observations,Its probabilistic extension shows why richer observations may require quantitative relations \cite{sangiorgi2019}.,Its probabilistic extension shows why richer observations may require quantitative equivalences rather than one Boolean relation.,ARCHIVED_SOURCE_EVIDENCE_AND_LOCAL_CONTEXT_RECHECKED,SINGLE_KEY_LOCAL_CONTEXT_REVIEWED
70,sumii2007dynamic,2376,Related Work and Limitations / Behavioral equivalence and observations,Dynamic sealing has a bisimulation that accounts for generative protection boundaries \cite{sumii2007dynamic}.,Dynamic sealing has a dedicated bisimulation that accounts for generative protection boundaries.,ARCHIVED_SOURCE_EVIDENCE_AND_LOCAL_CONTEXT_RECHECKED,SINGLE_KEY_LOCAL_CONTEXT_REVIEWED
71,sumii2007type,2378,Related Work and Limitations / Behavioral equivalence and observations,Type abstraction and recursion admit a related proof technique for representation hiding \cite{sumii2007type}.,Type abstraction and recursion admit a related bisimulation tailored to representation hiding.,ARCHIVED_SOURCE_EVIDENCE_AND_LOCAL_CONTEXT_RECHECKED,SINGLE_KEY_LOCAL_CONTEXT_REVIEWED
72,ahmed2006,2382,Related Work and Limitations / Behavioral equivalence and observations,Step indexing supports recursive and quantified types when direct induction fails \cite{ahmed2006}.,Step indexing supports recursive and quantified types when naive induction is unavailable.,ARCHIVED_SOURCE_EVIDENCE_AND_LOCAL_CONTEXT_RECHECKED,SINGLE_KEY_LOCAL_CONTEXT_REVIEWED
73,ahmed2009,2383,Related Work and Limitations / Behavioral equivalence and observations,State-dependent representation independence handles modules whose hidden invariant evolves \cite{ahmed2009}.,State-dependent representation independence captures modules whose hidden invariant evolves over time.,ARCHIVED_SOURCE_EVIDENCE_AND_LOCAL_CONTEXT_RECHECKED,SINGLE_KEY_LOCAL_CONTEXT_REVIEWED
74,rice1953,2388,Related Work and Limitations / Behavioral equivalence and observations,Rice's theorem rules out decision procedures for nontrivial extensional properties of arbitrary computable functions \cite{rice1953}.,"Sixth, semantic observability says nothing by itself about effective decidability; Rice's theorem still blocks algorithms for nontrivial extensional properties in general-purpose Turing-complete settings.",ARCHIVED_SOURCE_EVIDENCE_AND_LOCAL_CONTEXT_RECHECKED,SINGLE_KEY_LOCAL_CONTEXT_REVIEWED
75,korovina2017,2390,Related Work and Limitations / Behavioral equivalence and observations,Rice--Shapiro results relate positive semidecision to topological openness in computability settings \cite{korovina2017}.,Computable-topological refinements such as Rice--Shapiro characterize when positive information can be witnessed by finite computation in suitable domains.,ARCHIVED_SOURCE_EVIDENCE_AND_LOCAL_CONTEXT_RECHECKED,SINGLE_KEY_LOCAL_CONTEXT_REVIEWED
76,cousot1977,2396,Related Work and Limitations / Program transformation and compiler correctness,Abstract interpretation gives a lattice-theoretic account of sound approximation \cite{cousot1977}.,Abstract interpretation provides a systematic language for sound approximations and transformations.,ARCHIVED_SOURCE_EVIDENCE_AND_LOCAL_CONTEXT_RECHECKED,SINGLE_KEY_LOCAL_CONTEXT_REVIEWED
77,cousot1979,2397,Related Work and Limitations / Program transformation and compiler correctness,"Systematic analysis separates a concrete semantics, an abstraction, and justified transfer functions \cite{cousot1979}.","Systematic analysis frameworks separate a concrete semantics, an abstraction, and the transfer functions justified over it.",ARCHIVED_SOURCE_EVIDENCE_AND_LOCAL_CONTEXT_RECHECKED,SINGLE_KEY_LOCAL_CONTEXT_REVIEWED
78,cousot2002,2399,Related Work and Limitations / Program transformation and compiler correctness,The same methodology organizes semantics-preserving transformations \cite{cousot2002}.,The same methodology can organize semantics-preserving program transformations.,ARCHIVED_SOURCE_EVIDENCE_AND_LOCAL_CONTEXT_RECHECKED,SINGLE_KEY_LOCAL_CONTEXT_REVIEWED
79,benton2004,2400,Related Work and Limitations / Program transformation and compiler correctness,Relational proofs can establish that a transformation preserves the client-selected semantics \cite{benton2004}.,Relational program logics can prove that transformations preserve specified observations.,ARCHIVED_SOURCE_EVIDENCE_AND_LOCAL_CONTEXT_RECHECKED,SINGLE_KEY_LOCAL_CONTEXT_REVIEWED
80,fournet2013,2405,Related Work and Limitations / Program transformation and compiler correctness,A compiler to JavaScript was proved fully abstract by mediating source and target observations \cite{fournet2013}.,A compiler to JavaScript was proved fully abstract by mediating the source and target observations.,ARCHIVED_SOURCE_EVIDENCE_AND_LOCAL_CONTEXT_RECHECKED,SINGLE_KEY_LOCAL_CONTEXT_REVIEWED
81,new2016,2406,Related Work and Limitations / Program transformation and compiler correctness,Universal embedding gave a reusable construction principle \cite{new2016}.,Universal embedding provided a reusable construction principle for fully abstract compilation.,ARCHIVED_SOURCE_EVIDENCE_AND_LOCAL_CONTEXT_RECHECKED,SINGLE_KEY_LOCAL_CONTEXT_REVIEWED
82,devriese2017,2408,Related Work and Limitations / Program transformation and compiler correctness,Approximate back-translation made full abstraction modular when exact target-to-source simulation was unavailable \cite{devriese2017}.,Approximate back-translation made fully abstract compilation modular when exact target-to-source simulation was unavailable.,ARCHIVED_SOURCE_EVIDENCE_AND_LOCAL_CONTEXT_RECHECKED,SINGLE_KEY_LOCAL_CONTEXT_REVIEWED
83,abate2019,2410,Related Work and Limitations / Program transformation and compiler correctness,Robust property preservation broadened the design space by classifying property classes that survive arbitrary target contexts \cite{abate2019}.,Robust property preservation broadened the design space beyond full abstraction by classifying which property classes survive arbitrary target contexts.,ARCHIVED_SOURCE_EVIDENCE_AND_LOCAL_CONTEXT_RECHECKED,SINGLE_KEY_LOCAL_CONTEXT_REVIEWED
84,patrignani2017hyper,2411,Related Work and Limitations / Program transformation and compiler correctness,Secure compilation and hyperproperty preservation made the connection to safety hyperproperties explicit \cite{patrignani2017hyper}.,Secure compilation and hyperproperty preservation made the relation to safety hyperproperties explicit.,ARCHIVED_SOURCE_EVIDENCE_AND_LOCAL_CONTEXT_RECHECKED,SINGLE_KEY_LOCAL_CONTEXT_REVIEWED
85,patrignani2021,2413,Related Work and Limitations / Program transformation and compiler correctness,Robustly safe compilation isolated a criterion focused on robust safety \cite{patrignani2021}.,Robustly safe compilation focuses on preserving safety properties against adversarial contexts.,ARCHIVED_SOURCE_EVIDENCE_AND_LOCAL_CONTEXT_RECHECKED,SINGLE_KEY_LOCAL_CONTEXT_REVIEWED
86,abate2021,2414,Related Work and Limitations / Program transformation and compiler correctness,Trace-relating correctness permits different source and target observation alphabets \cite{abate2021}.,Secure-compilation criteria strengthen correctness by requiring target contexts not to introduce source-impossible behaviors; trace-relating formulations make the source-target observation relation explicit.,ARCHIVED_SOURCE_EVIDENCE_AND_LOCAL_CONTEXT_RECHECKED,SINGLE_KEY_LOCAL_CONTEXT_REVIEWED
87,barthe2021,2416,Related Work and Limitations / Program transformation and compiler correctness,Constant-resource compilation preserves a resource-sensitive relation rather than only functionality \cite{barthe2021}.,Constant-resource secure compilation preserves a resource-sensitive observational contract rather than only functional behavior.,ARCHIVED_SOURCE_EVIDENCE_AND_LOCAL_CONTEXT_RECHECKED,SINGLE_KEY_LOCAL_CONTEXT_REVIEWED
88,patrignani2024uc,2417,Related Work and Limitations / Program transformation and compiler correctness,Universal composability has been characterized through robust compilation in a cryptographic setting \cite{patrignani2024uc}.,Universal composability has been characterized as a robust-compilation property in a compositional cryptographic setting.,ARCHIVED_SOURCE_EVIDENCE_AND_LOCAL_CONTEXT_RECHECKED,SINGLE_KEY_LOCAL_CONTEXT_REVIEWED
89,lanckriet2026,2419,Related Work and Limitations / Program transformation and compiler correctness,"A recent synthesis relates robust properties, abstraction maps, and back-translations across these criteria \cite{lanckriet2026}.","A recent synthesis relates robust properties, abstraction maps, and back-translations across these criteria.",PRIMARY_SOURCE_RECHECKED,SINGLE_KEY_LOCAL_CONTEXT_REVIEWED
90,clarkson2010,2422,Related Work and Limitations / Program transformation and compiler correctness,Hyperproperties distinguish guarantees over sets of traces from ordinary trace properties \cite{clarkson2010}.,Hyperproperties distinguish guarantees over sets of traces from ordinary trace properties.,ARCHIVED_SOURCE_EVIDENCE_AND_LOCAL_CONTEXT_RECHECKED,SINGLE_KEY_LOCAL_CONTEXT_REVIEWED
91,giacobazzi2000,2428,Related Work and Limitations / Abstraction and combinatorial boundaries,Completeness of abstract interpretation characterizes when an abstraction loses no information relevant to selected operations \cite{giacobazzi2000}.,Completeness of an abstract interpretation characterizes when abstraction loses no information relevant to selected semantic operations.,ARCHIVED_SOURCE_EVIDENCE_AND_LOCAL_CONTEXT_RECHECKED,SINGLE_KEY_LOCAL_CONTEXT_REVIEWED
92,ranzato2007,2430,Related Work and Limitations / Abstraction and combinatorial boundaries,Strong preservation characterizes abstractions that retain exactly the formulas of an observation language \cite{ranzato2007}.,Strong preservation characterizes abstractions that retain exactly the formulas of an observation language.,ARCHIVED_SOURCE_EVIDENCE_AND_LOCAL_CONTEXT_RECHECKED,SINGLE_KEY_LOCAL_CONTEXT_REVIEWED
93,giacobazzi2010,2432,Related Work and Limitations / Abstraction and combinatorial boundaries,Abstract non-interference recasts permitted information release as an abstraction-dependent property \cite{giacobazzi2010}.,Abstract non-interference recasts permitted information release as an abstraction-dependent property.,ARCHIVED_SOURCE_EVIDENCE_AND_LOCAL_CONTEXT_RECHECKED,SINGLE_KEY_LOCAL_CONTEXT_REVIEWED
94,ascari2024,2433,Related Work and Limitations / Abstraction and combinatorial boundaries,Under-approximation results expose structural limits on nontrivial domains for broad transfer-function families \cite{ascari2024}.,Recent work on under-approximation proves structural limits on nontrivial abstract domains for broad transfer-function families.,ARCHIVED_SOURCE_EVIDENCE_AND_LOCAL_CONTEXT_RECHECKED,SINGLE_KEY_LOCAL_CONTEXT_REVIEWED
95,giacobazzi2024,2435,Related Work and Limitations / Abstraction and combinatorial boundaries,Recent robustness work uses abstraction to weaken classifier observations and characterize tolerated perturbations \cite{giacobazzi2024}.,Recent robustness work uses abstraction to weaken classifier observations and to characterize tolerable perturbations.,ARCHIVED_SOURCE_EVIDENCE_AND_LOCAL_CONTEXT_RECHECKED,SINGLE_KEY_LOCAL_CONTEXT_REVIEWED
96,bollobas2013,2440,Related Work and Limitations / Abstraction and combinatorial boundaries,"The crossing and access classifications use polychromatic hypergraph coloring, which places every color in every edge \cite{bollobas2013}.","A polychromatic coloring assigns colors so that every hyperedge contains every color, and the maximum number of colors is the hypergraph’s polychromatic number.",ARCHIVED_SOURCE_EVIDENCE_AND_LOCAL_CONTEXT_RECHECKED,SINGLE_KEY_LOCAL_CONTEXT_REVIEWED
97,schaefer1978,2442,Related Work and Limitations / Abstraction and combinatorial boundaries,Positive not-all-equal satisfiability supplies the standard hardness source \cite{schaefer1978}.,Positive not-all-equal satisfiability supplies the standard finite hardness source.,ARCHIVED_SOURCE_EVIDENCE_AND_LOCAL_CONTEXT_RECHECKED,SINGLE_KEY_LOCAL_CONTEXT_REVIEWED
98,darmann2020,2443,Related Work and Limitations / Abstraction and combinatorial boundaries,Restricted positive variants retain hardness under simple clause shapes \cite{darmann2020}.,"Monotone not-all-equal 3-SAT remains NP-complete under distinct-variable, bounded-occurrence, and linearity restrictions, supporting the restricted hardness boundary used here.",ARCHIVED_SOURCE_EVIDENCE_AND_LOCAL_CONTEXT_RECHECKED,SINGLE_KEY_LOCAL_CONTEXT_REVIEWED
99,li2018polychromatic,2448,Related Work and Limitations / Abstraction and combinatorial boundaries,Nor do we claim the random-coloring exponent as standalone novelty; minimum-edge/maximum-degree bounds already give the same exponential scale \cite{li2018polychromatic}.,General minimum-edge and maximum-degree lower bounds for polychromatic colorings already yield the same exponential scale used in the repeated-product discussion.,ARCHIVED_SOURCE_EVIDENCE_AND_LOCAL_CONTEXT_RECHECKED,SINGLE_KEY_LOCAL_CONTEXT_REVIEWED
