citation_key,claim_id,manuscript_location,verified_scholarly_identifier,source_locator,support_paraphrase,evidence_sha256,verification_status
abate2019,CITE-ABATE2019,Related Work and Limitations / Program transformation and compiler correctness (main.tex line 2417),doi:10.1109/CSF.2019.00025,https://doi.org/10.1109/CSF.2019.00025,Robust property preservation broadened the design space beyond full abstraction by classifying which property classes survive arbitrary target contexts.,6125d3ce8e644b245dd1afc1d2757d67e13072ef4418f59f39324e64f146ddc7,ARCHIVED_SOURCE_EVIDENCE_AND_LOCAL_CONTEXT_RECHECKED
abate2021,CITE-ABATE2021,Examples and Design Implications / A bit carried by forward refinement / Transformations and secure compilation (main.tex line 2098); Related Work and Limitations / Program transformation and compiler correctness (main.tex line 2421),doi:10.1145/3460860,https://doi.org/10.1145/3460860,Secure-compilation criteria strengthen correctness by requiring target contexts not to introduce source-impossible behaviors; trace-relating formulations make the source-target observation relation explicit.,64a074644703f5ab9a9e57a90cf0c0c9787556b172195a6359d8130bad79d1e3,ARCHIVED_SOURCE_EVIDENCE_AND_LOCAL_CONTEXT_RECHECKED
abramsky1993,CITE-ABRAMSKY1993,Related Work and Limitations / Behavioral equivalence and observations (main.tex line 2369),doi:10.1006/inco.1993.1044,https://doi.org/10.1006/inco.1993.1044,The lazy lambda calculus provides a canonical full-abstraction result in which the observation language fixes the semantic quotient.,35308997366865d2fee99dc6fdb22a928a46bbb002bd27255118b067797e62fe,ARCHIVED_SOURCE_EVIDENCE_AND_LOCAL_CONTEXT_RECHECKED
ahmed2006,CITE-AHMED2006,Related Work and Limitations / Behavioral equivalence and observations (main.tex line 2389),doi:10.1007/11693024_6,https://doi.org/10.1007/11693024_6,Step indexing supports recursive and quantified types when naive induction is unavailable.,2619370e6eef0850bb16e43053ac949ff006e83118c991f8948018012802bf96,ARCHIVED_SOURCE_EVIDENCE_AND_LOCAL_CONTEXT_RECHECKED
ahmed2009,CITE-AHMED2009,Related Work and Limitations / Behavioral equivalence and observations (main.tex line 2390),doi:10.1145/1480881.1480925,https://doi.org/10.1145/1480881.1480925,State-dependent representation independence captures modules whose hidden invariant evolves over time.,d02461e5fbc2f91033abf25c5d6f8a3e92f4d48ccf4b989f5912dde5e27bea6f,ARCHIVED_SOURCE_EVIDENCE_AND_LOCAL_CONTEXT_RECHECKED
ascari2024,CITE-ASCARI2024,Related Work and Limitations / Abstraction and combinatorial boundaries (main.tex line 2440),doi:10.1145/3666014,https://doi.org/10.1145/3666014,Recent work on under-approximation proves structural limits on nontrivial abstract domains for broad transfer-function families.,6a94244c4c7d7cfad674b7ac09939d7c61b59a9f04e6b7491f6b636136e0455c,ARCHIVED_SOURCE_EVIDENCE_AND_LOCAL_CONTEXT_RECHECKED
barak2012,CITE-BARAK2012,Examples and Design Implications / Consequences for Watermark Design / Security claims must not hide the observation contract (main.tex line 2067); Related Work and Limitations / Software watermarking mechanisms (main.tex line 2357),doi:10.1145/2160158.2160159,https://doi.org/10.1145/2160158.2160159,The virtual-black-box obfuscation impossibility literature likewise distinguishes what is observable from code and from black-box access.,266ecc3ad1ba70726c72bcc18cbe1e2078bde0dee3839aab6bfbab54305a6e13,ARCHIVED_SOURCE_EVIDENCE_AND_LOCAL_CONTEXT_RECHECKED
barthe2021,CITE-BARTHE2021,Related Work and Limitations / Program transformation and compiler correctness (main.tex line 2423),doi:10.1109/CSF51468.2021.00020,https://doi.org/10.1109/CSF51468.2021.00020,Constant-resource secure compilation preserves a resource-sensitive observational contract rather than only functional behavior.,c62b470c6c48256487133597414b6dcb2c4ceed1b46a7e086b8b6d062384341a,ARCHIVED_SOURCE_EVIDENCE_AND_LOCAL_CONTEXT_RECHECKED
benton2004,CITE-BENTON2004,Examples and Design Implications / A bit carried by forward refinement / Transformations and secure compilation (main.tex line 2098); Related Work and Limitations / Program transformation and compiler correctness (main.tex line 2407),doi:10.1145/964001.964003,https://doi.org/10.1145/964001.964003,Relational program logics can prove that transformations preserve specified observations.,55ea31f5c8fe84e3538d0e703e3a33a7c55cee0c47d26c32c93864ba97e194cd,ARCHIVED_SOURCE_EVIDENCE_AND_LOCAL_CONTEXT_RECHECKED
bollobas2013,CITE-BOLLOBAS2013,Introduction (main.tex line 212); Capacity under Observational Constraints / Crossing constraints / Expressiveness and computational boundary (main.tex line 819); Related Work and Limitations / Abstraction and combinatorial boundaries (main.tex line 2447),doi:10.1137/110856332,https://doi.org/10.1137/110856332,"A polychromatic coloring assigns colors so that every hyperedge contains every color, and the maximum number of colors is the hypergraph’s polychromatic number.",f4ad5310d249d8b099b09d35ddfe4af7f500e924c2e8eb111a416c6215878a82,ARCHIVED_SOURCE_EVIDENCE_AND_LOCAL_CONTEXT_RECHECKED
choi2026spread,CITE-CHOI2026SPREAD,Related Work and Limitations / Software watermarking mechanisms (main.tex line 2335),doi:10.48550/arXiv.2607.06009,https://arxiv.org/abs/2607.06009,"Multi-channel spread-spectrum code watermarking combines naming and syntactic carriers with error correction, but begins from a fixed carrier inventory and attack taxonomy that a semantic instance must separately justify.",36805fa37cb21949d4c990e7ba606f6d6e8ea4a0aafb101c2706ee330d7cf6e4,PRIMARY_SOURCE_RECHECKED
clarkson2010,CITE-CLARKSON2010,Related Work and Limitations / Program transformation and compiler correctness (main.tex line 2429),doi:10.3233/JCS-2009-0393,https://doi.org/10.3233/JCS-2009-0393,Hyperproperties distinguish guarantees over sets of traces from ordinary trace properties.,32111e3d02a30389617649e814822c1482cf4df3eff8cdb8d346ccdca84584e0,ARCHIVED_SOURCE_EVIDENCE_AND_LOCAL_CONTEXT_RECHECKED
clmtracing2025,CITE-CLMTRACING2025,Semantic Model / From an implementation to the semantic relations (main.tex line 428); Related Work and Limitations / Software watermarking mechanisms (main.tex line 2322),doi:10.18653/v1/2025.emnlp-main.1475,https://doi.org/10.18653/v1/2025.emnlp-main.1475,"CLMTracing separates utility-preserving injection from declared removal attacks in black-box user-level tracing, supporting distinct access and attack contracts.",d6d31ac62f340799c34f29dca3d463e5b091e73c70d220dff1658e300a76dd60,ARCHIVED_SOURCE_EVIDENCE_AND_LOCAL_CONTEXT_RECHECKED
codeip2024,CITE-CODEIP2024,Semantic Model / From an implementation to the semantic relations (main.tex line 428); Related Work and Limitations / Software watermarking mechanisms (main.tex line 2319),doi:10.18653/v1/2024.findings-emnlp.541,https://doi.org/10.18653/v1/2024.findings-emnlp.541,"CodeIP uses grammar-guided constrained sampling for a multibit code watermark, supporting sampler access and explicit message-alphabet claims.",cbd53d43d8782333e178b2851759d78b72ce198db3a8497563c3bbd2015f0be6,ARCHIVED_SOURCE_EVIDENCE_AND_LOCAL_CONTEXT_RECHECKED
codemark2023,CITE-CODEMARK2023,Introduction (main.tex line 204); Semantic Model / From an implementation to the semantic relations (main.tex line 428); Related Work and Limitations / Software watermarking mechanisms (main.tex line 2316),doi:10.1145/3611643.3616297,https://doi.org/10.1145/3611643.3616297,"CodeMark uses adaptive semantics-preserving transformations and evaluates harmlessness and robustness, supporting its role as a source-indexed transformation example.",1f096ca6ed968ed7b491a6ffd808246e20867ab648f232008a72699699a8937c,PRIMARY_SOURCE_RECHECKED
codesensor2025,CITE-CODESENSOR2025,Semantic Model / From an implementation to the semantic relations (main.tex line 428); Related Work and Limitations / Software watermarking mechanisms (main.tex line 2326),doi:10.1145/3705300,https://doi.org/10.1145/3705300,"CodeGPTSensor studies post-hoc discrimination of generated and human-written code, supporting recognition without an owner-controlled insertion relation.",acf89289980a1a41a2c59120f6e3f3a7194a3c748a1fd117cc3b7721450f9a09,ARCHIVED_SOURCE_EVIDENCE_AND_LOCAL_CONTEXT_RECHECKED
cohen2018,CITE-COHEN2018,Examples and Design Implications / Consequences for Watermark Design / Security claims must not hide the observation contract (main.tex line 2067); Related Work and Limitations / Software watermarking mechanisms (main.tex line 2355),doi:10.1137/18M1164834,https://doi.org/10.1137/18M1164834,"Cryptographic watermarking can exploit secret keys, computationally bounded adversaries, and relaxed correctness; one influential construction obtains positive results precisely after permitting negligible functional error.",02fcc7311bd27971a88a8cd0c3a30e0703b27140ee06d6ef6af05102d07f21fb,ARCHIVED_SOURCE_EVIDENCE_AND_LOCAL_CONTEXT_RECHECKED
collberg1998,CITE-COLLBERG1998,Related Work and Limitations / Software watermarking mechanisms (main.tex line 2295),doi:10.1145/268946.268962,https://doi.org/10.1145/268946.268962,Cheap opaque constructs were introduced as building blocks whose values are known to a transformer but intended to resist program analysis.,3ab6b1809ce0eb02baa72b10e37034378d138f53d6cf1b1d9fef94d8d3e58eb3,ARCHIVED_SOURCE_EVIDENCE_AND_LOCAL_CONTEXT_RECHECKED
collberg1999,CITE-COLLBERG1999,Introduction (main.tex line 204); Related Work and Limitations / Software watermarking mechanisms (main.tex line 2291),doi:10.1145/292540.292569,https://doi.org/10.1145/292540.292569,Foundational watermarking models made these requirements explicit and separated static from dynamic embedding techniques.,a85df4c6ee59520962d4ee04a11aff03bd35c8f36bb0a2c15ceb93b0d905cacd,ARCHIVED_SOURCE_EVIDENCE_AND_LOCAL_CONTEXT_RECHECKED
collberg2002,CITE-COLLBERG2002,Related Work and Limitations / Software watermarking mechanisms (main.tex line 2294),doi:10.1109/TSE.2002.1027797,https://doi.org/10.1109/TSE.2002.1027797,Subsequent surveys emphasized that transformation resilience and tamper resistance are central to practical software protection.,19c88e61c147a2f1ded55c8c09d17c7e22bb2823808e6251d89485e073de87ce,ARCHIVED_SOURCE_EVIDENCE_AND_LOCAL_CONTEXT_RECHECKED
collberg2004,CITE-COLLBERG2004,Examples and Design Implications / Consequences for Watermark Design / Security claims must not hide the observation contract (main.tex line 2065); Related Work and Limitations / Software watermarking mechanisms (main.tex line 2308),doi:10.1145/996841.996856,https://doi.org/10.1145/996841.996856,Dynamic path-based systems demonstrated that substantial marks can be carried by selected execution behavior under a concrete attack model.,f5cafeede8c02be49692b070acda34bdd1a1583d16687e8beb63a07bd5ea8b9a,ARCHIVED_SOURCE_EVIDENCE_AND_LOCAL_CONTEXT_RECHECKED
collberg2007fingerprinting,CITE-COLLBERG2007FINGERPRINTING,Related Work and Limitations / Software watermarking mechanisms (main.tex line 2310),doi:10.1145/1286821.1286826,https://doi.org/10.1145/1286821.1286826,Dynamic graph fingerprinting placed a graph in program execution state and argued resilience through the difficulty of recovering alias structure.,d7ec7e30836de27410ed6580d2986aa2032341f8579b07d699a31ba545eaef60,ARCHIVED_SOURCE_EVIDENCE_AND_LOCAL_CONTEXT_RECHECKED
cousot1977,CITE-COUSOT1977,Examples and Design Implications / A bit carried by forward refinement / Transformations and secure compilation (main.tex line 2098); Related Work and Limitations / Program transformation and compiler correctness (main.tex line 2403),doi:10.1145/512950.512973,https://doi.org/10.1145/512950.512973,Abstract interpretation provides a systematic language for sound approximations and transformations.,e3b145c59571d84403d123ab986a16b133213fdcd82bd08d63bce363303c40af,ARCHIVED_SOURCE_EVIDENCE_AND_LOCAL_CONTEXT_RECHECKED
cousot1979,CITE-COUSOT1979,Related Work and Limitations / Program transformation and compiler correctness (main.tex line 2404),doi:10.1145/567752.567778,https://doi.org/10.1145/567752.567778,"Systematic analysis frameworks separate a concrete semantics, an abstraction, and the transfer functions justified over it.",005332079269b49f79d558a301457f18ab3e124eee7777775eb400018b7d6599,ARCHIVED_SOURCE_EVIDENCE_AND_LOCAL_CONTEXT_RECHECKED
cousot2002,CITE-COUSOT2002,Related Work and Limitations / Program transformation and compiler correctness (main.tex line 2406),doi:10.1145/503272.503290,https://doi.org/10.1145/503272.503290,The same methodology can organize semantics-preserving program transformations.,60c9fe3c3a1f8fa48da83ffb53777f6eb79a0bb2d6dff09eee40da42ea327fe3,ARCHIVED_SOURCE_EVIDENCE_AND_LOCAL_CONTEXT_RECHECKED
cousot2004watermark,CITE-COUSOT2004WATERMARK,Introduction (main.tex line 204); Related Work and Limitations / Software watermarking mechanisms (main.tex line 2343),doi:10.1145/964001.964016,https://cs.nyu.edu/~pmc309/COUSOTpapers/POPL04.shtml,Semantics-based work recast watermark construction and attack analysis through abstract interpretation.,2921fc3bb24d8553bf65518774bb0e392ec4bee6e7df6e9ae8f1577bd5ef24c9,PRIMARY_SOURCE_RECHECKED
dallapreda2008,CITE-DALLAPREDA2008,Related Work and Limitations / Software watermarking mechanisms (main.tex line 2349),doi:10.1007/978-3-540-69166-2_12,https://doi.org/10.1007/978-3-540-69166-2_12,Loop-structure watermarking gave a concrete example in which a structural abstraction changes while a chosen semantic abstraction is preserved.,be5d6338eaae88482f5c1ed8b715bb4a9e452ceb1c6f10dbe7d09e9d66aedbfe,ARCHIVED_SOURCE_EVIDENCE_AND_LOCAL_CONTEXT_RECHECKED
dallapreda2017,CITE-DALLAPREDA2017,Related Work and Limitations / Software watermarking mechanisms (main.tex line 2345),doi:10.1016/j.entcs.2017.02.005,https://doi.org/10.1016/j.entcs.2017.02.005,A semantics-based formulation subsequently related watermark correctness to selected program abstractions.,adb0b2d1bfdafa21e06867a018acf6d7beb9a8b0b8b2199929807ad875cc36aa,PRIMARY_SOURCE_RECHECKED
dallapreda2019,CITE-DALLAPREDA2019,Examples and Design Implications / Consequences for Watermark Design / Security claims must not hide the observation contract (main.tex line 2065); Related Work and Limitations / Software watermarking mechanisms (main.tex line 2347),doi:10.1017/S0960129518000038,https://doi.org/10.1017/S0960129518000038,"The semantics-based framework formalizes watermark secrecy, resilience, transparence, and accuracy through abstract-interpretation completeness; this paper instead classifies exact selectable message alphabets under fixed equality and source-access contracts.",3701c6ebbd7f72c883dfe319f83667078f499d08d33e9916526f402e8de9e7d1,PRIMARY_SOURCE_RECHECKED
darmann2020,CITE-DARMANN2020,Capacity under Observational Constraints / Crossing constraints / Finitary-edge compactness and infinite-edge failure (main.tex line 936); Capacity under Observational Constraints / Source-dependent access / Expressiveness and complexity under refined observation (main.tex line 1162); Related Work and Limitations / Abstraction and combinatorial boundaries (main.tex line 2450),doi:10.1016/j.tcs.2020.02.010,https://doi.org/10.1016/j.tcs.2020.02.010,"Monotone not-all-equal 3-SAT remains NP-complete under distinct-variable, bounded-occurrence, and linearity restrictions, supporting the restricted hardness boundary used here.",2024d2e4ca0e4f2ec43df9e33d0123c5ca1121cf61bd7566bfa4eae0bca71add,ARCHIVED_SOURCE_EVIDENCE_AND_LOCAL_CONTEXT_RECHECKED
denicola1984,CITE-DENICOLA1984,"Semantic Model / Programs, contexts, and behavior (main.tex line 265); Related Work and Limitations / Behavioral equivalence and observations (main.tex line 2372)",doi:10.1016/0304-3975(84)90113-0,https://doi.org/10.1016/0304-3975(84)90113-0,Process-testing equivalences similarly expose how the chosen experiment class determines observational identity.,dc22c0abbec63a22d5bb04c99a048606e044340ddd8340e73ad35ed3d45eb319,ARCHIVED_SOURCE_EVIDENCE_AND_LOCAL_CONTEXT_RECHECKED
devriese2017,CITE-DEVRIESE2017,Related Work and Limitations / Program transformation and compiler correctness (main.tex line 2415),doi:10.23638/LMCS-13(4:2)2017,https://doi.org/10.23638/LMCS-13(4:2)2017,Approximate back-translation made fully abstract compilation modular when exact target-to-source simulation was unavailable.,ef65ec5d3a7dac93176c1c9fda2887726c8c2526901fa503e2efc7a1d37da5d7,ARCHIVED_SOURCE_EVIDENCE_AND_LOCAL_CONTEXT_RECHECKED
dopsteg2025,CITE-DOPSTEG2025,Semantic Model / From an implementation to the semantic relations (main.tex line 428); Related Work and Limitations / Software watermarking mechanisms (main.tex line 2324),doi:10.1016/j.scico.2025.103311,https://doi.org/10.1016/j.scico.2025.103311,"DopSteg uses data-oriented program fragments and constructed branches to embed information, supporting the separation of reachable choices from robustness obligations.",085eb4c8749c24ff73f6d3e06a1a5f3990d4693fb808cf49c981c8df97245c43,ARCHIVED_SOURCE_EVIDENCE_AND_LOCAL_CONTEXT_RECHECKED
ducodemark2026,CITE-DUCODEMARK2026,Related Work and Limitations / Software watermarking mechanisms (main.tex line 2333),doi:10.1145/3797076,https://doi.org/10.1145/3797076,DuCodeMark combines style-aware code-dataset trigger--target pairs with repressible poisoned features; its dataset/model verification objective differs from a per-source exact semantic channel.,b366f312c296abc533d235b20bd25f709c3d54cd2297fd89955e9b516a69f310,METADATA_RECHECKED
fournet2013,CITE-FOURNET2013,Related Work and Limitations / Program transformation and compiler correctness (main.tex line 2412),doi:10.1145/2429069.2429114,https://doi.org/10.1145/2429069.2429114,A compiler to JavaScript was proved fully abstract by mediating the source and target observations.,3140e891cea7f07ecf423bbcb063a228cdc28095b2a31986a10f13efd2902a90,ARCHIVED_SOURCE_EVIDENCE_AND_LOCAL_CONTEXT_RECHECKED
giacobazzi2000,CITE-GIACOBAZZI2000,Related Work and Limitations / Abstraction and combinatorial boundaries (main.tex line 2435),doi:10.1145/333979.333989,https://doi.org/10.1145/333979.333989,Completeness of an abstract interpretation characterizes when abstraction loses no information relevant to selected semantic operations.,b705b06c8838737b15f2a4c4f0ff8e5a6888cb977cd016dbd523e5bd7ca0b7da,ARCHIVED_SOURCE_EVIDENCE_AND_LOCAL_CONTEXT_RECHECKED
giacobazzi2010,CITE-GIACOBAZZI2010,Related Work and Limitations / Abstraction and combinatorial boundaries (main.tex line 2439),doi:10.1093/logcom/exp053,https://doi.org/10.1093/logcom/exp053,Abstract non-interference recasts permitted information release as an abstraction-dependent property.,64d80cbad4579ccd30dd70b0d4199ddbe00f8ccad3dc18c48f136e022147f81c,ARCHIVED_SOURCE_EVIDENCE_AND_LOCAL_CONTEXT_RECHECKED
giacobazzi2024,CITE-GIACOBAZZI2024,Related Work and Limitations / Abstraction and combinatorial boundaries (main.tex line 2442),doi:10.1145/3649309,https://doi.org/10.1145/3649309,Recent robustness work uses abstraction to weaken classifier observations and to characterize tolerable perturbations.,b9a0f4a20aa68d34e08c53787147d6bf251a06625ba0efa0975b6fefbb0abdc6,ARCHIVED_SOURCE_EVIDENCE_AND_LOCAL_CONTEXT_RECHECKED
hennessy1985,CITE-HENNESSY1985,Related Work and Limitations / Behavioral equivalence and observations (main.tex line 2374),doi:10.1145/2455.2460,https://doi.org/10.1145/2455.2460,Algebraic laws for nondeterminism characterize consequences of those observations compositionally.,fd219f7054fc0f23932615b9429e1b0e501123de30ce507206ac6c4af53bbf8c,ARCHIVED_SOURCE_EVIDENCE_AND_LOCAL_CONTEXT_RECHECKED
howe1996,CITE-HOWE1996,"Semantic Model / Programs, contexts, and behavior (main.tex line 265); Semantic Model / From an implementation to the semantic relations (main.tex line 402); Related Work and Limitations / Behavioral equivalence and observations (main.tex line 2378)",doi:10.1006/inco.1996.0008,https://doi.org/10.1006/inco.1996.0008,"For higher-order languages, bisimulation methods provide tractable proof principles for contextual equivalence; Howe's method is a canonical congruence technique.",da2cd762555441381fe9bc21f7805dd9a3aa1798dc3a4923a27d78625b33d364,ARCHIVED_SOURCE_EVIDENCE_AND_LOCAL_CONTEXT_RECHECKED
korovina2017,CITE-KOROVINA2017,Recognition and Finite Evidence / Observability in principle (main.tex line 1836); Related Work and Limitations / Behavioral equivalence and observations (main.tex line 2397),doi:10.23638/LMCS-13(4:30)2017,https://doi.org/10.23638/LMCS-13(4:30)2017,Computable-topological refinements such as Rice--Shapiro characterize when positive information can be witnessed by finite computation in suitable domains.,7023808e0b5960de93e307dc2289156a9cff120b4b35dc5fdbbdd5a6e86fa318,ARCHIVED_SOURCE_EVIDENCE_AND_LOCAL_CONTEXT_RECHECKED
lanckriet2026,CITE-LANCKRIET2026,Related Work and Limitations / Program transformation and compiler correctness (main.tex line 2426),doi:10.1177/0926227X251409398,https://journals.sagepub.com/doi/10.1177/0926227X251409398,"A recent synthesis relates robust properties, abstraction maps, and back-translations across these criteria.",b12099dc6e54af8f4ba67463a93eb5da88c25b3095e3a579a1be2eb1a95c1be0,PRIMARY_SOURCE_RECHECKED
li2018polychromatic,CITE-LI2018POLYCHROMATIC,Related Work and Limitations / Abstraction and combinatorial boundaries (main.tex line 2455),doi:10.1016/j.amc.2018.07.019,https://doi.org/10.1016/j.amc.2018.07.019,General minimum-edge and maximum-degree lower bounds for polychromatic colorings already yield the same exponential scale used in the repeated-product discussion.,f77b2bf78026f51b84c8736861dbfb1eae7e43c52d242592b69e52bbe61c9c43,ARCHIVED_SOURCE_EVIDENCE_AND_LOCAL_CONTEXT_RECHECKED
mason1991,CITE-MASON1991,Related Work and Limitations / Behavioral equivalence and observations (main.tex line 2371),doi:10.1017/S0956796800000125,https://doi.org/10.1017/S0956796800000125,Equivalence for effectful functional languages shows that the chosen effects and observations materially change that quotient.,4fbcee56f0340813d2c0b12a35cc0da7621c0d04af9e85fad57cab444c10bbb4,ARCHIVED_SOURCE_EVIDENCE_AND_LOCAL_CONTEXT_RECHECKED
milner1977,CITE-MILNER1977,"Semantic Model / Programs, contexts, and behavior (main.tex line 265); Examples and Design Implications / Consequences for Watermark Design / Full abstraction is hostile to arbitrary insertion (main.tex line 2061); Related Work and Limitations / Behavioral equivalence and observations (main.tex line 2368)",doi:10.1016/0304-3975(77)90053-6,https://doi.org/10.1016/0304-3975(77)90053-6,Milner's full-abstraction formulation asks denotational equality to coincide with contextual indistinguishability.,58a860ed8f4c83b6bac026ae9d1e0b52dda320e11122add4bd8c9943c97904bb,ARCHIVED_SOURCE_EVIDENCE_AND_LOCAL_CONTEXT_RECHECKED
monden2000,CITE-MONDEN2000,Related Work and Limitations / Software watermarking mechanisms (main.tex line 2301),doi:10.1109/CMPSAC.2000.884716,https://okayama.elsevierpure.com/en/publications/practical-method-for-watermarking-java-programs,Monden and colleagues embed watermarks in Java class files and evaluate obfuscator and decompile/recompile attacks; these tests do not establish universal contextual preservation.,ebf35c7bcc02be1c57152cfdba2029e920957c52c1756a241bf2cb5ca2f99234,METADATA_RECHECKED
myles2006,CITE-MYLES2006,Related Work and Limitations / Software watermarking mechanisms (main.tex line 2306),doi:10.1007/s10660-006-6955-z,https://doi.org/10.1007/s10660-006-6955-z,"Opaque-predicate watermarking was implemented and subjected to distortive attacks, exposing the difference between carrier availability and attack robustness.",db9d6b8f0656aaef66f4835df59e79ebf7238ba9fd33589c08d542d89cd69df8,ARCHIVED_SOURCE_EVIDENCE_AND_LOCAL_CONTEXT_RECHECKED
nagra2004,CITE-NAGRA2004,Related Work and Limitations / Software watermarking mechanisms (main.tex line 2304),doi:10.1007/978-3-540-30114-1_15,https://link.springer.com/chapter/10.1007/978-3-540-30114-1_15,Threading Software Watermarks encodes and recognizes a bit string using thread contention; its runtime synchronization opportunities motivate source-dependent carrier availability.,8e3965aeb1de6779ed9e38cbee10e5952f111f2c24a9520e9e467c75badc2143,PRIMARY_SOURCE_RECHECKED
new2016,CITE-NEW2016,Related Work and Limitations / Program transformation and compiler correctness (main.tex line 2413),doi:10.1145/2951913.2951941,https://doi.org/10.1145/2951913.2951941,Universal embedding provided a reusable construction principle for fully abstract compilation.,3616d99f032904c8c2ccfc83471a90cc167e8967282bae9d10d3f88833ce1b80,ARCHIVED_SOURCE_EVIDENCE_AND_LOCAL_CONTEXT_RECHECKED
palsberg2000,CITE-PALSBERG2000,Related Work and Limitations / Software watermarking mechanisms (main.tex line 2297),doi:10.1109/ACSAC.2000.898885,https://doi.org/10.1109/ACSAC.2000.898885,"Early implementation experience showed that practical watermark quality depends on the representation, transformation budget, and attack model rather than on payload size alone.",8740c9e614d0049a3e29b8aa8714a0f93f4b315063e16926abb065f32c01d26e,ARCHIVED_SOURCE_EVIDENCE_AND_LOCAL_CONTEXT_RECHECKED
patrignani2017hyper,CITE-PATRIGNANI2017HYPER,Related Work and Limitations / Program transformation and compiler correctness (main.tex line 2418),doi:10.1109/CSF.2017.13,https://doi.org/10.1109/CSF.2017.13,Secure compilation and hyperproperty preservation made the relation to safety hyperproperties explicit.,dbc446a44530a3986c266a5403dc444da7ada8b7fb9e88650081fb3c1263c0ba,ARCHIVED_SOURCE_EVIDENCE_AND_LOCAL_CONTEXT_RECHECKED
patrignani2021,CITE-PATRIGNANI2021,Examples and Design Implications / A bit carried by forward refinement / Transformations and secure compilation (main.tex line 2098); Related Work and Limitations / Program transformation and compiler correctness (main.tex line 2420),doi:10.1145/3436809,https://doi.org/10.1145/3436809,Robustly safe compilation focuses on preserving safety properties against adversarial contexts.,22d17361cc88c42013f5f7e2127cbf049f42116564e4000229cc18bae8241542,ARCHIVED_SOURCE_EVIDENCE_AND_LOCAL_CONTEXT_RECHECKED
patrignani2024uc,CITE-PATRIGNANI2024UC,Related Work and Limitations / Program transformation and compiler correctness (main.tex line 2424),doi:10.1145/3698234,https://doi.org/10.1145/3698234,Universal composability has been characterized as a robust-compilation property in a compositional cryptographic setting.,af1577d88259f0e74ea9982f42ea4eac093853bd1126db6c67e76b323412442e,ARCHIVED_SOURCE_EVIDENCE_AND_LOCAL_CONTEXT_RECHECKED
plotkin1977,CITE-PLOTKIN1977,"Semantic Model / Programs, contexts, and behavior (main.tex line 265); Related Work and Limitations / Behavioral equivalence and observations (main.tex line 2366)",doi:10.1016/0304-3975(77)90044-5,https://doi.org/10.1016/0304-3975(77)90044-5,Plotkin's account of LCF connected operational and denotational reasoning about observable behavior.,e3953fc7ee5aacb3e4dc86f59366bcb4778dadbfe00f32630d785837996adbae,ARCHIVED_SOURCE_EVIDENCE_AND_LOCAL_CONTEXT_RECHECKED
ranzato2007,CITE-RANZATO2007,Related Work and Limitations / Abstraction and combinatorial boundaries (main.tex line 2437),doi:10.1093/logcom/exl035,https://doi.org/10.1093/logcom/exl035,Strong preservation characterizes abstractions that retain exactly the formulas of an observation language.,70f882c98473da4541f7f21cffabb28171ba775c5859712065bcdb1d3bcc365b,ARCHIVED_SOURCE_EVIDENCE_AND_LOCAL_CONTEXT_RECHECKED
rice1953,CITE-RICE1953,Recognition and Finite Evidence / Observability in principle (main.tex line 1836); Related Work and Limitations / Behavioral equivalence and observations (main.tex line 2395),doi:10.2307/1990888,https://doi.org/10.2307/1990888,"Sixth, semantic observability says nothing by itself about effective decidability; Rice's theorem still blocks algorithms for nontrivial extensional properties in general-purpose Turing-complete settings.",1139fb5819da6dff668e1222e29ecd7c108d62d4d73b5eb4bfac51602f3baed7,ARCHIVED_SOURCE_EVIDENCE_AND_LOCAL_CONTEXT_RECHECKED
sangiorgi1998,CITE-SANGIORGI1998,Related Work and Limitations / Behavioral equivalence and observations (main.tex line 2379),doi:10.1017/S0960129598002527,https://doi.org/10.1017/S0960129598002527,Sangiorgi's treatment isolates the general proof obligations behind bisimulation methods.,ee8c34b3ee4c5e740ae57dc2a99a4fa7aeb716f75b444f601ef9ed9cb78db8c0,ARCHIVED_SOURCE_EVIDENCE_AND_LOCAL_CONTEXT_RECHECKED
sangiorgi2011,CITE-SANGIORGI2011,Related Work and Limitations / Behavioral equivalence and observations (main.tex line 2380),doi:10.1145/1889997.1890002,https://doi.org/10.1145/1889997.1890002,Environmental bisimulation handles higher-order values by recording the observer's accumulated knowledge.,eb020b95f897ecd03a2dea997e04d4320b01a7f04c06e29dd7bed2ad530b0390,ARCHIVED_SOURCE_EVIDENCE_AND_LOCAL_CONTEXT_RECHECKED
sangiorgi2019,CITE-SANGIORGI2019,Related Work and Limitations / Behavioral equivalence and observations (main.tex line 2382),doi:10.1145/3350618,https://doi.org/10.1145/3350618,Its probabilistic extension shows why richer observations may require quantitative equivalences rather than one Boolean relation.,50d8fe7c560ccc3cf8f7ce6e2e64b28325b2700e3dfafd96cd2471d77ad4a222,ARCHIVED_SOURCE_EVIDENCE_AND_LOCAL_CONTEXT_RECHECKED
schaefer1978,CITE-SCHAEFER1978,Related Work and Limitations / Abstraction and combinatorial boundaries (main.tex line 2449),doi:10.1145/800133.804350,https://doi.org/10.1145/800133.804350,Positive not-all-equal satisfiability supplies the standard finite hardness source.,01cbaa860f5fbd2a6f349b9126ac3c0bad41c61d788b4fac5e424134a477e7ba,ARCHIVED_SOURCE_EVIDENCE_AND_LOCAL_CONTEXT_RECHECKED
shannon1956,CITE-SHANNON1956,Capacity under Observational Constraints / Coordinated repetition (main.tex line 1615),doi:10.1109/TIT.1956.1056798,https://doi.org/10.1109/TIT.1956.1056798,Shannon introduced zero-error capacity and showed why repeated coordinated uses can have a rate not visible from a single use.,d39179ff52c9ac9e6bc94249c5a428b744c579d657b9fbf00014d4bbb303ce1a,ARCHIVED_SOURCE_EVIDENCE_AND_LOCAL_CONTEXT_RECHECKED
stone2026,CITE-STONE2026,Semantic Model / From an implementation to the semantic relations (main.tex line 428); Related Work and Limitations / Software watermarking mechanisms (main.tex line 2321),doi:10.18653/v1/2026.findings-eacl.207,https://doi.org/10.18653/v1/2026.findings-eacl.207,"STONE avoids syntax-critical positions to preserve syntax and functionality while watermarking generated code, supporting source-dependent access restriction.",a1ed7f1f8bba362bd801874131bf49fe2cbe7da2d8ef774656213a74a8fa73ab,ARCHIVED_SOURCE_EVIDENCE_AND_LOCAL_CONTEXT_RECHECKED
sumii2007dynamic,CITE-SUMII2007DYNAMIC,Related Work and Limitations / Behavioral equivalence and observations (main.tex line 2383),doi:10.1016/j.tcs.2006.12.032,https://doi.org/10.1016/j.tcs.2006.12.032,Dynamic sealing has a dedicated bisimulation that accounts for generative protection boundaries.,29598d8b379ecc0984bd23ab642d7053a8be9e7101738fe9f9b05e1e0e1f629c,ARCHIVED_SOURCE_EVIDENCE_AND_LOCAL_CONTEXT_RECHECKED
sumii2007type,CITE-SUMII2007TYPE,Related Work and Limitations / Behavioral equivalence and observations (main.tex line 2385),doi:10.1145/1284320.1284325,https://doi.org/10.1145/1284320.1284325,Type abstraction and recursion admit a related bisimulation tailored to representation hiding.,d451d7f8db1b09ce9bc25fe9e391310e10f3c7aaabe24296a5e47d68b29b25e7,ARCHIVED_SOURCE_EVIDENCE_AND_LOCAL_CONTEXT_RECHECKED
swarl2026,CITE-SWARL2026,Related Work and Limitations / Software watermarking mechanisms (main.tex line 2331),doi:10.48550/arXiv.2601.02602,https://arxiv.org/abs/2601.02602,"SWaRL jointly trains a code generator and a confidential verifier with compiler feedback, so its evidence concerns learned generation-time fidelity and detection rather than a mechanism-independent existence boundary.",485cd1220cc4310a25f5a9b96c7fcba8eb9909592fd76cfa544e16d5811e39b8,PRIMARY_SOURCE_RECHECKED
sweet2024,CITE-SWEET2024,Introduction (main.tex line 206); Semantic Model / From an implementation to the semantic relations (main.tex line 428); Related Work and Limitations / Software watermarking mechanisms (main.tex line 2318),doi:10.18653/v1/2024.acl-long.268,https://aclanthology.org/2024.acl-long.268.pdf,SWEET applies a logit bias only at high-entropy generation positions and restricts its detection statistic correspondingly; this is not equivalent to deleting low-entropy tokens from the sampler support.,82ac235c787ece9938b007242f8bc8c2839a4b7f8251be917990a5ee2afacc5e,PRIMARY_SOURCE_RECHECKED
venkatesan2001,CITE-VENKATESAN2001,Related Work and Limitations / Software watermarking mechanisms (main.tex line 2302),doi:10.1007/3-540-45496-9_12,https://doi.org/10.1007/3-540-45496-9_12,Graph-theoretic watermarking encoded a value in a control-flow graph and made graph recovery part of the detection problem.,121aa0f34254e1fce9f914e78fb5703db7600ac74631de99160275cb6dbbeb71,ARCHIVED_SOURCE_EVIDENCE_AND_LOCAL_CONTEXT_RECHECKED
zhang2025disappearing,CITE-ZHANG2025DISAPPEARING,Related Work and Limitations / Software watermarking mechanisms (main.tex line 2336),doi:10.48550/arXiv.2507.05512,https://arxiv.org/abs/2507.05512v2,"Under its distribution-consistency assumption, Disappearing Ink models obfuscation as a Markov walk and derives a detector failure rate approaching one minus the false-positive rate; this attack-specific stochastic result is not a universal exact-channel impossibility theorem.",803042833c2f1102ebbc7b590b0b5db6021a867eab4d96d8e7830b76c582dda5,PRIMARY_SOURCE_RECHECKED
