claim_id,claim_text,claim_scope,paper_location,evidence_type,theorem_or_lemma,proof_or_checker,source_or_test,experiment_id,figure_or_table,raw_result,maturity_state,independent_recheck_status,limitations
C01,"Under operational refinement and class-complete access, exact universal alphabet size equals min_C |C/J|.",exact deterministic behavior-preserving universal schemes with J refining behavior and unrestricted access inside each behavior class,Theorem 3.2 (PDF p. 9),formal iff proof + finite exhaustive validation,thm:quotient-capacity,paper proof; construct_decoder/construct_embedder/validate_scheme,paper/main.tex; artifact/src/woc.py; tests/test_woc.py,E-REFINE-ALL-N5,Table 9; Figure 4,behavior_partitions=75; refinement_pairs=434; message_instances=1943; constructive=604; impossible=1339,VERIFIED,SELF_CHECKED_NOT_STATELESS,Semantic existence; arbitrary-set representative choice need not be computable.
C02,"Full operational collapse, canonicalization or connected robustness closure, and a rigid supported class each leave only the trivial exact message under their stated assumptions.",corollaries under the stated closure and support assumptions,Corollary 3.3 (PDF p. 10); Corollary 3.5 (PDF p. 11),formal corollaries + checked capacity-collapse instance,cor:one-bit; cor:canonicalization,derivation from thm:quotient-capacity,paper/main.tex; artifact/generated/capacity_table.csv,E-CAPACITY-COLLAPSE,Table 9; Figure 4,"exact_messages=[8,4,2,1]; whole_bits=[3,2,1,0]",VERIFIED,REPRODUCED_IN_FINAL_BUILD,Depends on exact behavior preservation and exact decoder invariance under the declared closure.
C03,"Without refinement, exact feasibility is equivalent to a polychromatic coloring of the quotient hypergraph.",arbitrary crossing behavioral and operational equivalences with class-complete access,Theorem 3.10 (PDF p. 13),formal iff proof + independently structured finite decoder/solver correspondence,thm:hypergraph,paper proof; find_polychromatic_coloring; direct_general_exact_feasible,paper/main.tex; artifact/src/woc.py; tests/test_woc.py,E-GENERAL-ALL-N5,Figure 2; Table 9,partition_pairs=2959; message_instances=11423; agreements=11423,VERIFIED,REPRODUCED_IN_FINAL_BUILD,Coloring may be computationally expensive; positive representatives may be non-effective.
C04,Local edge sizes are not sufficient: a three-edge triangle has two cells per behavior class but no exact bit.,minimal finite crossing instance,Proposition 3.12 (PDF p. 14),counterexample proof + exhaustive coloring search,prop:triangle,odd-cycle argument; finite backtracking solver,test_triangle_crossing_is_infeasible; raw/results.json,E-GENERAL-TRIANGLE,Figure 2,two_message_feasible=false,VERIFIED,REPRODUCED_IN_FINAL_BUILD,Diagnoses the minimal graph obstruction; larger hyperedges admit additional obstructions.
C05,"After isolated vertices are discarded, every set-sized nonempty-edge hypergraph is realizable by behavioral/operational equivalence incidence; finite capacity is its polychromatic number.",set-sized hypergraphs with nonempty edges; finite capacity for finite instances,Proposition 3.13 (PDF p. 14); Corollary 3.14 (PDF p. 15),constructive incidence proof + executable reconstruction,prop:incidence-realization; cor:general-capacity,one-program-per-incidence construction,test_incidence_realization_preserves_hyperedges; raw/results.json,E-INCIDENCE-REALIZATION,Table 4,Fano hypergraph recovered from 21 incidences; binary feasibility=false,VERIFIED,SELF_CHECKED_NOT_STATELESS,The realization is semantic and does not provide a concrete source-language transformation.
C06,"For a finite alphabet, failure over a hypergraph whose every individual edge is finite has a finite edge-subfamily witness; allowing an infinite edge can destroy this property.",arbitrary set-sized hypergraphs with finite message alphabet; no uniform edge-size bound is assumed in the positive theorem,Theorem 3.15 (PDF p. 15); Proposition 3.16 (PDF p. 16),topological compactness proof + explicit counterexample,thm:finitary-compactness; prop:infinite-width-failure,finite-intersection argument in a product of finite discrete spaces; all-infinite-subsets counterexample,paper/main.tex,E-FINITE-EDGE-COMPACTNESS,Table 3,finite obstruction exists exactly under stated finite-alphabet/finite-edge hypotheses,VERIFIED,SELF_CHECKED_NOT_STATELESS,The result is existential and does not compute a smallest obstruction.
C07,Finite crossing exact-bit feasibility is NP-complete at three cells per behavior class; the two-cell fragment is graph bipartiteness.,explicit finite block-list encodings,Theorem 3.17 (PDF p. 16); Corollary 3.18 (PDF p. 16),polynomial reduction + graph equivalence,thm:crossing-npcomplete; cor:crossing-bipartite,incidence reduction from monotone NAE-3SAT; binary edge-coloring argument,paper/main.tex; test_triangle_crossing_is_infeasible; test_fano_plane_crossing_is_infeasible,E-CROSSING-COMPLEXITY,Figure 2; Table 4,triangle and Fano instances infeasible,VERIFIED,SELF_CHECKED_NOT_STATELESS,"Classifies explicit finite semantic partitions, not the problem of deciding contextual equivalence."
C08,"With source-dependent embedding access, exact feasibility is equivalent to polychromatic coloring of the program-indexed access hypergraph.",arbitrary behavior/operational equivalences and arbitrary declared access relation,Theorem 3.20 (PDF p. 18),formal iff proof + independent finite program-level oracle,thm:access-hypergraph,paper proof; access_exact_feasible; direct_access_exact_feasible,paper/main.tex; artifact/src/woc.py; tests/test_woc.py,E-ACCESS-ALL-N3,"Tables 2, 3, and 7",message_instances=38564; direct/optimized agreements=38564,VERIFIED,REPRODUCED_IN_FINAL_BUILD,"A positive mechanism claim additionally needs sound, constructible representatives for the declared access edges."
C09,Two reachable cells per source do not suffice: one behavior class with reflexive source-dependent triangle access has no exact bit.,"one behavior class, J equal to program equality, reflexive access",Proposition 3.22 (PDF p. 19),counterexample proof + regression test,prop:access-triangle,odd-cycle coloring obstruction,test_source_dependent_access_triangle_is_infeasible; raw/results.json,E-ACCESS-TRIANGLE,Table 4,two_message_feasible=false,VERIFIED,REPRODUCED_IN_FINAL_BUILD,Shows source-wise local counts can fail even without cross-behavior operational cells.
C10,Every set-sized nonempty-edge hypergraph without isolated vertices is realizable by reflexive source-dependent access inside one behavior class; finite access capacity is its polychromatic number.,set-sized access incidence; finite capacity for finite instances,Proposition 3.23 (PDF p. 19); Corollary 3.24 (PDF p. 20),constructive proof + executable incidence reconstruction,prop:access-realization; cor:access-capacity,one-program-per-incidence reflexive access construction,test_incidence_access_realization_preserves_hyperedges; raw/results.json,E-ACCESS-INCIDENCE,Table 4,"access Fano instance: 21 incidences, 7 three-cell constraints, exact bit infeasible",VERIFIED,REPRODUCED_IN_FINAL_BUILD,A semantic access edge still requires an implementation witness in a concrete system.
C11,Finite access-constrained exact-bit feasibility is NP-complete at three reachable cells per source; the two-cell fragment is graph bipartiteness.,finite block-list behavior/J encodings and adjacency-list access encoding,Theorem 3.25 (PDF p. 20); Corollary 3.26 (PDF p. 20),polynomial reduction + graph equivalence,thm:access-npcomplete; cor:access-bipartite,reflexive incidence reduction from monotone NAE-3SAT,paper/main.tex; access triangle and Fano tests,E-ACCESS-COMPLEXITY,Table 4,source triangle and access Fano infeasible,VERIFIED,SELF_CHECKED_NOT_STATELESS,Decision complexity does not imply practical hardness for structured compiler rewrite systems.
C12,Expanding access cannot destroy exact feasibility; shrinking access cannot create it.,fixed behavior and operational equivalence,Proposition 3.27 (PDF p. 20),formal order proof + exhaustive inclusion sweep,prop:access-monotonicity,same-scheme containment proof; exhaustive_access_check,test_access_expansion_can_create_but_not_destroy_a_bit; test_access_underapproximation_can_create_false_impossibility; raw/results.json,E-ACCESS-MONOTONICITY-N3,Table 9,access_inclusion_pairs=492402; violations=0,VERIFIED,REPRODUCED_IN_FINAL_BUILD,"Holding the other contract components fixed, underapproximated access is sound for positive witnesses but not for negative conclusions."
C13,Robust Boolean predicates are exactly unions of operational equivalence classes.,recognition under detector and attack invariance,Theorem 4.1 (PDF p. 30),formal quotient-factor proof,thm:robust-predicate,paper proof using lem:factor,paper/main.tex,E-ROBUST-PREDICATE,Table 3,N/A,VERIFIED,SELF_CHECKED_NOT_STATELESS,Recognizability does not imply owner-selectable insertion.
C14,A robust predicate is universally toggleable through a mechanism exactly when every source-access set reaches both truth values.,exact Boolean owner-selected insertion under operational saturation and certified source-dependent access,Theorem 4.4 (PDF p. 31),formal iff proof,thm:predicate-toggle,source-wise accessible representative construction and necessity argument,paper/main.tex,E-PREDICATE-TOGGLE,Table 3,N/A,VERIFIED,SELF_CHECKED_NOT_STATELESS,Representative choice can be non-effective; class-level two-sidedness is sufficient only under class-complete access.
C15,Semantic observability is exactly factorization through complete contextual profiles.,contextually saturated predicates,Theorem 4.5 (PDF p. 32),formal factorization proof,thm:semantic-observable,paper proof,paper/main.tex,E-SEMANTIC-OBSERVABILITY,Table 3,N/A,VERIFIED,SELF_CHECKED_NOT_STATELESS,Non-effective; no general decidability claim.
C16,Finite positive evidence corresponds to openness; finite evidence for both outcomes corresponds to clopenness.,realizable context-profile subspace with product topology,Theorem 4.7 (PDF p. 32); Corollary 4.8 (PDF p. 32),topological cylinder-basis proof,thm:open; cor:clopen,paper proof,paper/main.tex,E-FINITE-EVIDENCE,Table 3,N/A,VERIFIED,SELF_CHECKED_NOT_STATELESS,Certificates need not be computably discoverable.
C17,"On compact realizable profile spaces, every clopen predicate depends on one uniform finite context set and therefore factors through one finite detector.",compact profile spaces with discrete observations,Theorem 4.9 (PDF p. 33); Corollary 4.10 (PDF p. 33),finite-subcover proof,thm:uniform; cor:uniform-finite-detector,paper proof,paper/main.tex,E-UNIFORM-FINITE-CONTEXT,Table 3,N/A,VERIFIED,SELF_CHECKED_NOT_STATELESS,Compactness is explicit; the context set may be large or noncomputable.
C18,"For finite access, arbitrary source-message correlation, heterogeneous cell list budgets, and sample-independent shared coins, optimal average list containment equals a deterministic list-cover optimum.",finite supported sources and messages; nonempty access edges; arbitrary joint source-message law; finite heterogeneous list budgets,Theorem 3.32 (PDF p. 23); Corollary 3.33 (PDF p. 23); Proposition 3.34 (PDF p. 24),formal equality proof + exact rational cell optimizer + independent program-output oracle,thm:list-recovery; cor:local-list-budget; prop:perfect-list-cover,paper proofs; max_average_list_cover; direct_average_list_cover,paper/main.tex; artifact/src/woc.py; tests/test_woc.py,E-LIST-RECOVERY-54,Table 9,correlated_heterogeneous_budget_trials=54; program_level_oracle_agreements=54; uniform triangle average=5/6,VERIFIED,REPRODUCED_IN_FINAL_BUILD,"List containment only; no confidence, false-positive, distortion, computational-cost, or probabilistic-attack objective."
C19,"Exact capacity is monotone under operational coarsening and behavioral refinement, with the stated detector, attack, message-restriction, and compatible-quotient composition laws.",arbitrary exact deterministic schemes over fixed program universes and class-complete access,Proposition 3.6 (PDF p. 11); Proposition 3.7 (PDF p. 12),formal order proofs + exhaustive finite validation,prop:monotonicity; prop:detector-refinement,paper proofs; exhaustive_general_check,crossing strict-witness tests; test_detector_coarsening_can_create_false_impossibility; test_attack_overapproximation_can_create_false_collapse; raw/results.json,E-MONOTONICITY-ALL-N5,Table 9,operational comparisons=19583; behavior comparisons=19583; violations=0,VERIFIED,REPRODUCED_IN_FINAL_BUILD,Bounded sweeps support the finite implementation; the general claims rest on proofs.
C20,"The finite checker validates 1,943 refinement instances through universe size five.",all generated finite refinement pairs and tested message sizes,finite analog of thm:quotient-capacity,deterministic exhaustive computation,finite analog of thm:quotient-capacity,exhaustive_refinement_check,./run-tests.sh; raw/results.json,E-REFINE-ALL-N5,Table 9,75 behavior partitions; 434 refinement pairs; 604 feasible; 1339 infeasible,VERIFIED,REPRODUCED_IN_FINAL_BUILD,"Bounded validation is a sanity check, not a proof of arbitrary finite or infinite cases."
C21,"A direct program-label oracle and quotient-hypergraph solver agree on all 11,423 arbitrary-partition message instances through five programs.",all ordered behavior/operational partition pairs and tested alphabets through universe size five,finite analog of thm:hypergraph,deterministic exhaustive computation with algorithmic separation,finite analog of thm:hypergraph,direct_general_exact_feasible versus general_exact_feasible,./run-tests.sh; raw/results.json,E-GENERAL-ALL-N5,Table 9,pairs=2959; feasible=3447; infeasible=7976; agreements=11423,VERIFIED,REPRODUCED_IN_FINAL_BUILD,Not a mechanized proof of arbitrary finite or infinite instances.
C22,"A direct source-wise decoder oracle and access-hypergraph solver agree on all 38,564 access-constrained message instances through three programs.","all generated behavior/J partition pairs, reflexive access relations, and tested alphabets through universe size three",finite analog of thm:access-hypergraph,deterministic exhaustive computation with algorithmic separation,finite analog of thm:access-hypergraph,direct_access_exact_feasible versus access_exact_feasible,./run-tests.sh; raw/results.json,E-ACCESS-ALL-N3,Table 9,partition_pairs=30; access_relations=12866; feasible=4363; infeasible=34201; agreements=38564,VERIFIED,REPRODUCED_IN_FINAL_BUILD,The universe bound is three because all reflexive access relations are enumerated.
C23,An eight-variant behavior class loses exact capacity from 8 to 4 to 2 to 1 messages under progressively coarser operational closure.,illustrative finite scenario,instance of thm:quotient-capacity,deterministic computation,instance of thm:quotient-capacity,artifact/src/run_all.py,generated/capacity_table.csv,E-CAPACITY-COLLAPSE,Table 9; Figure 4,"exact_messages=[8,4,2,1]; whole_bits=[3,2,1,0]",VERIFIED,REPRODUCED_IN_FINAL_BUILD,Illustrative instance only.
C24,"The identified internal manuscript contains three named authors and three blank reserved rows, eight regular scientific sections, 52 formal statements and proofs, and exactly 48 pages; the named-author list is incomplete.",final rendered identified internal manuscript and supplied ACM template,N/A,two clean builds + source/statement-location audit + PDF preflight + 200-DPI all-page visual QA,N/A,paper/build.sh; tests/test_package_integrity.py; pdfinfo; pdffonts; render_pdf.py; source/PDF text scan,paper/page_fit_audit.json; paper/statement_location_audit.json; paper/pdf_preflight.json; paper/visual_qa.json,E-PDF-48-QA,all 48 pages,planned_authors=6; named_authors=3; reserved_rows=3; pages=48; sections=8; formal_statements=52; proofs=52,VERIFIED_INTERNAL_DRAFT_NOT_SUBMISSION_READY,SELF_CHECKED_NOT_STATELESS,"No publisher TAPS validation, live anonymity decision, author-eligibility or ORCID-ownership verification, or independent external review pass."
C25,The manuscript uses 68 scholarly records through 99 single-key sentence-local citation commands; every key is used and exact local entry hashes agree across the public ledgers.,final bibliography and TeX/PDF citation surfaces,N/A,source audit + executable package-integrity tests,N/A,tests/test_package_integrity.py,paper/citation_shape_audit.json; artifact/citation_support.csv; artifact/literature-evidence/records.jsonl,E-CITATION-INTEGRITY,References,bibliography_entries=68; citation_commands=99; local_keys_covered=68; formal_publications=65; status_labelled_preprints=3; multi_key=0; sentence_multi_citation=0,VERIFIED,REPRODUCED_IN_FINAL_64_CHECK_SUITE,Dated metadata and local-context verification; future publisher corrections or retractions remain possible.
C26,Coordinatewise composition of two semantic contracts induces the direct product of their quotient or access hypergraphs.,"the explicitly defined componentwise behavior, operational, and access contracts",Proposition 3.38 (PDF p. 26),formal semantic-product proof plus executable partition/hyperedge correspondence,prop:semantic-product,paper proof; product_partition; coordinate_product_edges,paper/main.tex; artifact/src/woc.py; artifact/tests/test_woc.py,E-PRODUCT-CORRESPONDENCE,Figure 2; Table 9,triangle square has 9 vertices and 9 product constraints,VERIFIED,SELF_CHECKED_NOT_STATELESS,Applies only to the declared joint coordinate contract.
C27,Exact message capacity is supermultiplicative under coordinate product and exactly multiplicative in the refinement case.,nonempty-edge quotient or access hypergraphs; refinement corollary under class-complete access,Theorem 3.39 (PDF p. 26); Corollary 3.41 (PDF p. 27),formal product-coloring proof plus exhaustive small-hypergraph regression,thm:joint-capacity; cor:refinement-product,paper proofs; brute-force polychromatic solver; refinement product test,paper/main.tex; artifact/src/woc.py; artifact/tests/test_woc.py,E-JOINT-CAPACITY,Table 9,all bounded product instances satisfy pc(H box K) >= pc(H)pc(K),VERIFIED,SELF_CHECKED_NOT_STATELESS,The lower bound can be strict outside refinement.
C28,"A triangle has one exact message in one use, while its coordinate square has exactly three.",the triangle quotient/access hypergraph and its coordinate square,Proposition 3.42 (PDF p. 27),explicit Latin-square coloring plus transversal upper bound and exact search,prop:triangle-square,paper proof; polychromatic_number; transversal_number,paper/main.tex; artifact/raw/results.json; artifact/tests/test_woc.py,E-TRIANGLE-SQUARE,Figure 2; Table 9,pc(T)=1; pc(T box T)=3; transversal number=3,VERIFIED,REPRODUCED_IN_FINAL_BUILD,"A strict-gain witness, not an embedding implementation."
C29,"For every finite nonempty-edge constraint hypergraph, the regularized coordinate-product rate equals the logarithm of its minimum edge size.",finite hypergraphs under repeated joint coordinate contracts,Theorem 3.43 (PDF p. 28); Corollary 3.44 (PDF p. 28); Corollary 3.45 (PDF p. 29); Corollary 3.46 (PDF p. 29),"superadditivity, probabilistic lower bound, and edge-size upper bound",thm:regularized-rate; cor:semantic-rate; cor:activation; cor:rigidity-rate,complete paper proofs; bounded triangle-square and fourth-power witnesses,paper/main.tex; artifact/raw/results.json; artifact/tests/test_woc.py,E-REGULARIZED-RATE,Figure 2; Table 9,triangle fourth power admits 9 messages; general finite rate proof is symbolic,VERIFIED,SELF_CHECKED_NOT_STATELESS,"The theorem is about semantic existence under joint coordination; it gives no efficiency, stealth, or cryptographic guarantee."
C30,"For a fixed prior, deterministic, private-random, and sample-independent shared-random worst-source recovery form a hierarchy; full-support value one is equivalent to polychromatic coloring, and the binary triangle has exact values 1/2, 3/4, and 5/6.",finite nonempty-edge hypergraphs and finite fixed message priors,Theorem 3.35 (PDF p. 24); Proposition 3.36 (PDF p. 25),formal hierarchy proof + exact primal and dual finite certificates,thm:random-hierarchy; prop:stochastic-triangle,paper proofs; deterministic/private/shared exact rational evaluators; shared dual certificate,paper/main.tex; artifact/src/woc.py; tests/test_woc.py,E-WORST-SOURCE-TRIANGLE,Figure 3; Table 9,deterministic=1/2; private=3/4; shared_primal=5/6; shared_dual=5/6,VERIFIED,REPRODUCED_IN_FINAL_BUILD,"Finite fixed-prior objective; the values do not model attack probabilities, confidence calibration, or decoder cost."
C31,The exact cell-level list optimizer and a direct source-program/output enumeration agree on all 54 fixed-seed correlated heterogeneous-budget instances.,bounded finite source-dependent access instances generated without result-based screening,finite analog of thm:list-recovery,two structurally different exact rational executable oracles,finite analog of thm:list-recovery,max_average_list_cover versus direct_average_list_cover,artifact/raw/results.json; tests/test_woc.py,E-LIST-ORACLE-54,Table 9,trials=54; agreements=54; disagreements=0,VERIFIED,REPRODUCED_IN_FINAL_BUILD,Finite bounded check; arbitrary-set validity comes from the theorem proof.
C32,The four-program running language supports one exact bit under temporary elimination and no owner-selected bit after operand normalization joins the two operational classes.,"the explicit terminating unary language and the detector, attack, and reachability contracts shown in Figure 1",Proposition 2.6 (PDF p. 6),formal proposition + concrete quotient witness,prop:running-capacity,paper proof; finite two-cell capacity instance,paper/main.tex; artifact/src/woc.py; artifact/tests/test_woc.py,E-RUNNING-LANGUAGE,Figure 1,two operational cells before normalization; one after closure,VERIFIED,SELF_CHECKED_NOT_STATELESS,Illustrative language fragment; it demonstrates the contracts rather than evaluating a production compiler.
C33,"Exact watermark feasibility under an arbitrary directed preservation relation is polychromatic colorability of the source-indexed target-class hypergraph, including a cross-language source-to-target specialization.",arbitrary directed preservation and reachability relations with a target-side operational equivalence and finite nonempty message alphabet,Theorem 3.29 (PDF p. 21); Corollary 3.30 (PDF p. 21),formal iff theorem and cross-language corollary + independent finite oracle,thm:directed-preservation; cor:cross-language,factorization and witness-selection proof; directed hypergraph solver versus direct target-label oracle,paper/main.tex; artifact/src/woc.py; artifact/tests/test_woc.py,E-DIRECTED-COMPILER,Table 4,directed compiler example agrees with direct oracle,VERIFIED,REPRODUCED_IN_FINAL_BUILD,The theorem assumes the directed correctness relation and implementation image have already been justified.
C34,A behavior-preserving rewrite added simultaneously as embedding access and as a required label-preserving attack cannot increase exact capacity.,reflexive source access and a rewrite included in both access and operational closure,Proposition 3.31 (PDF p. 21),formal quotient-map proof + exhaustive finite regression,prop:dual-role-rewrite,pullback of the new coloring along the quotient map; exhaustive three-element instances,paper/main.tex; artifact/tests/test_woc.py,E-DUAL-ROLE-REWRITE,none,"no capacity increase over all enumerated three-element operational partitions, reflexive access relations, and single rewrite edges",VERIFIED,REPRODUCED_IN_FINAL_BUILD,Exact zero-error capacity only; a dual-role rewrite can still affect cost or nonzero-error recovery.
C35,"Concrete access witnesses are returned and checked directly; legal null-valued programs are accepted, malformed inputs are separated from impossibility, and all 320 witness trials agree with a program-level oracle.","finite valid partitions, source-indexed access and nonempty finite message alphabets",finite witness counterpart of thm:access-hypergraph,direct program-level witness validation and finite cross-check,finite witness counterpart of thm:access-hypergraph,construct_access_scheme; validate_access_scheme; witness_checks,artifact/src/woc.py; artifact/src/witness_checks.py; artifact/tests/test_witness_boundaries.py,E-WITNESS-320,Table 9,128 exhaustive + 192 unscreened generated = 320; oracle_agreements=320; positives=46; valid_witnesses=46; negatives=274,VERIFIED_FINITE,DIRECT_PROGRAM_ORACLE; SELF_CHECKED_NOT_STATELESS,Same declared semantic inputs and elementary validation shared; does not establish a real compiler model or infinite computability.
C36,"Malformed finite inputs are rejected before feasibility reasoning, and a 240-instance unfiltered stress set agrees with independent general and access oracles; all positive access cases return directly validated witnesses.","finite explicit partitions, relations, hyperedges, message alphabets and list budgets over three to five program objects",Theorem 3.10 (PDF p. 13); Theorem 3.20 (PDF p. 18),input-domain regression + deterministic unfiltered stress + direct witness validation,thm:hypergraph; thm:access-hypergraph,run_larger_stress_checks; direct_general_exact_feasible; direct_access_exact_feasible; validate_access_scheme,artifact/src/woc.py; artifact/src/witness_checks.py; artifact/tests/test_witness_boundaries.py,E-STRESS-240,Table 9,instances=240; general_agreements=240; access_agreements=240; positives=13; validated_witnesses=13; negatives=227,VERIFIED_FINITE,DIRECT_PROGRAM_ORACLES; FINAL_61_TEST_SUITE,Finite deterministic stress evidence; it does not validate any real compiler relation or prove the arbitrary-set results.
