statement_id,paper_statement,paper_location,assumptions,proof_location,checker,mechanized_statement,status,limitations
lem:factor,Operational quotient factorization,"main.tex lines 290-303; Semantic Model / Detector observations and attack closure; statement 2.3, PDF p. 5",Detector equivalence and declared attack edges generate operational equivalence; the decoder is invariant on each generator.,main.tex lines 305-307,"join_partitions, path-connectivity checks, and decoder-invariance predicates in artifact/src/woc.py",FINITE_EXECUTABLE_ANALOG,PROVED_AND_FINITE_CHECKED,The quotient is extensional. The result characterizes factorization but does not make infinite quotient classes computable.
prop:running-capacity,Capacity of the running instance,"main.tex lines 380-383; Semantic Model / A running language instance; statement 2.6, PDF p. 6",The four terminating procedures share one behavior class; temporary elimination induces two operational classes; every source reaches both classes.,main.tex lines 385-387,constructive two-cell instance and capacity solver,FINITE_EXECUTABLE_ANALOG,PROVED_AND_FINITE_CHECKED,A worked language instance; the general classification is supplied by the later quotient and access theorems.
lem:embedding-injection,Embedding injection,"main.tex lines 504-513; Capacity under Observational Constraints / Local capacity under refinement; statement 3.1, PDF p. 9",An exact scheme exists and J refines behavior.,main.tex lines 515-517,construct_and_validate_scheme verifies distinct message cells in every finite behavior block,FINITE_EXECUTABLE_ANALOG,PROVED_AND_FINITE_CHECKED,The injection is per input behavior class and does not require concrete output programs to be globally injective.
thm:quotient-capacity,Exact quotient capacity,"main.tex lines 522-531; Capacity under Observational Constraints / Local capacity under refinement; statement 3.2, PDF p. 9",The operational equivalence J refines behavioral equivalence; the message alphabet is nonempty; embedding and decoding are exact and universal.,main.tex lines 533-545,exhaustive_refinement_check over all refinement pairs through universe size five,FINITE_EXECUTABLE_ANALOG,PROVED_AND_FINITE_CHECKED,The arbitrary-set sufficiency direction may use choice; the executable correspondence covers finite instances.
cor:one-bit,One-bit and collapse criteria,"main.tex lines 552-557; Capacity under Observational Constraints / Local capacity under refinement; statement 3.3, PDF p. 10","The exact quotient-capacity hypotheses; the clauses respectively specialize to two messages, complete observational collapse, and a supported class with one operational cell.",main.tex lines 559-561,"capacity scenarios and exhaustive_refinement_check, including singleton-quotient cases",FINITE_EXECUTABLE_ANALOG,PROVED_AND_FINITE_CHECKED,The criteria concern exact universal recovery; changing support or admitting error changes the quantified claim.
cor:canonicalization,Connected robustness collapse,"main.tex lines 574-583; Capacity under Observational Constraints / Canonicalization and complete transformation closure; statement 3.5, PDF p. 11","Either every program is linked to a behavior-class canonical representative, or the declared robustness graph is connected within every behavior class; detector and attack generators remain behavior preserving.",main.tex lines 585-587,join_partitions computes the finite connectivity closure used by both clauses,FINITE_EXECUTABLE_ANALOG,PROVED_AND_FINITE_CHECKED,The statement is relative to the declared closure and does not assert an efficient canonicalizer or unbounded physical attacker.
prop:monotonicity,General contract monotonicity,"main.tex lines 598-604; Capacity under Observational Constraints / Monotonicity and attack composition; statement 3.6, PDF p. 11",The operational equivalence J1 refines J2; behavior is fixed. The quotient-cardinality addendum additionally assumes both operational relations refine behavior.,main.tex lines 606-608,"exhaustive_general_check validates 19,583 operational-coarsening comparisons; capacity scenarios provide a concrete chain",FINITE_EXECUTABLE_ANALOG,PROVED_AND_FINITE_CHECKED,"Monotonicity is order-theoretic, not additive; attack unions may introduce connecting paths and a strict collapse."
prop:detector-refinement,Contract order and composition laws,"main.tex lines 615-634; Capacity under Observational Constraints / Algebraic laws of the calculus; statement 3.7, PDF p. 12","The compared contracts share the indicated fixed universe and relations; detector refinement adds distinctions, attack union adds equality obligations, message restriction takes a nonempty subset, and behavioral refinement narrows source obligations.",main.tex lines 636-638,"join_partitions; exhaustive_general_check; detector, attack, behavior-order, and quotient-count regression tests",FINITE_EXECUTABLE_ANALOG,PROVED_AND_FINITE_CHECKED,These are semantic order and composition laws. Approximation polarity depends on whether the claim is positive feasibility or impossibility.
prop:support,Support-restricted capacity,"main.tex lines 649-657; Capacity under Observational Constraints / Supported domains; statement 3.9, PDF p. 12",A declared support set is used as the universe and the restricted operational relation refines restricted behavior.,main.tex lines 659-661,same finite capacity checker after restriction of the input universe,FINITE_EXECUTABLE_ANALOG,PROVED,The result changes the claim domain and requires support to be explicit and closed under claimed outputs and attacks.
thm:hypergraph,General exact-feasibility classification,"main.tex lines 692-695; Capacity under Observational Constraints / Crossing constraints / Behavior classes as quotient hyperedges; statement 3.10, PDF p. 13",Behavior and operational equivalence are arbitrary; embedding and decoding are exact and universal; the message alphabet is nonempty.,main.tex lines 697-701,find_polychromatic_coloring plus direct scheme/coloring validators,FINITE_EXECUTABLE_ANALOG,PROVED_AND_FINITE_CHECKED,The executable solver handles finite quotient hypergraphs; the theorem itself is set-theoretic.
cor:refinement-reduction,Local consequences of the global classification,"main.tex lines 709-714; Capacity under Observational Constraints / Crossing constraints / Behavior classes as quotient hyperedges; statement 3.11, PDF p. 13","The general quotient-hypergraph classification; the three clauses additionally assume operational refinement, a local edge-size comparison, or a behavior class contained in one operational class.",main.tex lines 716-718,"exhaustive_refinement_check and exhaustive_general_check compare closed-form, local, and singleton-edge conditions with direct coloring search",FINITE_EXECUTABLE_ANALOG,PROVED_AND_FINITE_CHECKED,Local edge size is necessary but not sufficient for crossing constraints; the singleton obstruction concerns exact universal alphabets.
prop:triangle,Triangle obstruction,"main.tex lines 799-802; Capacity under Observational Constraints / Crossing constraints / A minimal crossing counterexample; statement 3.12, PDF p. 14",Three quotient vertices form three two-vertex behavior hyperedges in an odd cycle.,main.tex lines 804-806,test_triangle_crossing_is_infeasible and triangle scenario in artifact/src/run_all.py,EXACT_FINITE_INSTANCE,PROVED_AND_CHECKED,"This is a minimal counterexample to local sufficiency, not a general complexity lower bound."
prop:incidence-realization,Contextual incidence realization,"main.tex lines 824-827; Capacity under Observational Constraints / Crossing constraints / Expressiveness and computational boundary; statement 3.13, PDF p. 14","The hypergraph is finite, every edge is nonempty, and isolated vertices are omitted because they occur in no behavior constraint.",main.tex lines 829-837,incidence_partitions and quotient_hypergraph; test_incidence_realization_preserves_hyperedges,FINITE_EXECUTABLE_ANALOG,PROVED_AND_FINITE_CHECKED,The proposition is finite; deleting isolated vertices preserves the polychromatic number but not literal vertex-set isomorphism.
cor:general-capacity,General finite exact capacity,"main.tex lines 841-852; Capacity under Observational Constraints / Crossing constraints / Expressiveness and computational boundary; statement 3.14, PDF p. 15",The program universe and message alphabet are finite; decoding is exact and invariant on operational classes.,main.tex lines 854-859,general_exact_feasible and exhaustive_general_check through universe size five,FINITE_EXECUTABLE_ANALOG,PROVED_AND_FINITE_CHECKED,Isolated vertices are irrelevant to the coloring constraints and are deleted before incidence realization.
thm:finitary-compactness,Finite-edge compactness,"main.tex lines 869-878; Capacity under Observational Constraints / Crossing constraints / Finitary-edge compactness and infinite-edge failure; statement 3.15, PDF p. 15","The message alphabet is finite and nonempty; each individual hyperedge is finite, without requiring one uniform edge-size bound; vertex and edge families are sets.",main.tex lines 880-890,finite exhaustive solvers supply bounded instances; the compactness step is a mathematical proof,NOT_MECHANIZED,PROVED,The theorem guarantees a finite obstruction family but is not an algorithm for finding a minimum witness.
prop:infinite-width-failure,Infinite-edge failure of finite witnesses,"main.tex lines 892-900; Capacity under Observational Constraints / Crossing constraints / Finitary-edge compactness and infinite-edge failure; statement 3.16, PDF p. 16",The message alphabet is finite with at least two messages; hyperedges may be infinite.,main.tex lines 902-913,explicit countable construction; incidence realization code checks finite analogs only,NOT_MECHANIZED,PROVED,The construction uses an infinite edge and therefore does not contradict compactness when every individual constraint edge is finite.
thm:crossing-npcomplete,Finite crossing feasibility is NP-complete,"main.tex lines 921-927; Capacity under Observational Constraints / Crossing constraints / Finitary-edge compactness and infinite-edge failure; statement 3.17, PDF p. 16",Both equivalence relations are explicitly represented on a finite program set; the exact deterministic model is used.,main.tex lines 929-946,incidence_partitions; general_exact_feasible; Fano-plane and exhaustive small-instance diagnostics,REDUCTION_PROOF_WITH_FINITE_DIAGNOSTICS,PROVED_AND_DIAGNOSTICALLY_CHECKED,The complexity result does not make contextual equivalence or infinite semantic instances decidable.
cor:crossing-bipartite,Two-cell crossing is graph bipartiteness,"main.tex lines 948-955; Capacity under Observational Constraints / Crossing constraints / Finitary-edge compactness and infinite-edge failure; statement 3.18, PDF p. 16",Every quotient hyperedge has exactly two distinct operational vertices.,main.tex lines 957-961,triangle counterexample plus exhaustive_general_check over all small partition pairs,FINITE_EXECUTABLE_ANALOG,PROVED_AND_FINITE_CHECKED,This tractable fragment does not extend to unrestricted three-uniform hyperedges.
thm:access-hypergraph,Exact access-feasibility classification,"main.tex lines 1045-1050; Capacity under Observational Constraints / Source-dependent access / Witness extraction from a coloring; statement 3.20, PDF p. 18",Behavior and operational equivalence are arbitrary; R is a declared embedding-access relation; exact recovery is universal over sources and messages.,main.tex lines 1052-1064,"access_hypergraph solver and direct source-level oracle agree on 38,564 finite instances",FINITE_EXECUTABLE_ANALOG,PROVED_AND_FINITE_CHECKED,Arbitrary-set sufficiency may use choice; a positive implementation claim also requires sound and effective access witnesses.
cor:access-class-complete,Class-complete reduction,"main.tex lines 1066-1072; Capacity under Observational Constraints / Source-dependent access / Witness extraction from a coloring; statement 3.21, PDF p. 19",Accessible outputs from every source equal its entire behavior class.,main.tex lines 1074-1079,access_hypergraph construction and quotient_hypergraph construction coincide on class-complete finite instances,FINITE_EXECUTABLE_ANALOG,PROVED_AND_FINITE_CHECKED,The reduction fails when sources in one behavior class have different accessible subsets.
prop:access-triangle,Source-dependent triangle obstruction,"main.tex lines 1100-1105; Capacity under Observational Constraints / Source-dependent access / Local reachability is not enough; statement 3.22, PDF p. 19","Three behavior-equivalent, operationally distinct programs have pairwise-overlapping two-cell access rows forming a triangle.",main.tex lines 1107-1111,test_source_dependent_access_triangle_is_infeasible and access scenario in run_all.py,EXACT_FINITE_INSTANCE,PROVED_AND_CHECKED,This is the minimal two-cell obstruction; larger edges have additional hypergraphic obstructions.
prop:access-realization,Contextual access realization,"main.tex lines 1123-1126; Capacity under Observational Constraints / Source-dependent access / Expressiveness and complexity under refined observation; statement 3.23, PDF p. 19","The hypergraph is set-sized, has nonempty edges, and isolated vertices are discarded.",main.tex lines 1128-1132,incidence_access_instance and test_incidence_access_realization_preserves_hyperedges,FINITE_EXECUTABLE_ANALOG,PROVED_AND_FINITE_CHECKED,The implementation checks finite instances; the proof handles arbitrary set-sized incidence.
cor:access-capacity,Finite access capacity,"main.tex lines 1134-1142; Capacity under Observational Constraints / Source-dependent access / Expressiveness and complexity under refined observation; statement 3.24, PDF p. 20",The program universe and access hypergraph are finite.,main.tex lines 1144-1147,find_polychromatic_coloring and exhaustive_access_check,FINITE_EXECUTABLE_ANALOG,PROVED_AND_FINITE_CHECKED,Computing the number is intractable in general and does not synthesize efficient transformations.
thm:access-npcomplete,Finite access-constrained feasibility is NP-complete,"main.tex lines 1149-1156; Capacity under Observational Constraints / Source-dependent access / Expressiveness and complexity under refined observation; statement 3.25, PDF p. 20",Finite block-list encodings; one behavior class; operational equivalence refines behavior; reflexive source-dependent access; three cells per constraint.,main.tex lines 1158-1169,finite incidence construction and Fano/source-triangle regression tests; complexity proof is mathematical,REDUCTION_PROVED_FINITE_CONSTRUCTIONS_CHECKED,PROVED_AND_CONSTRUCTION_CHECKED,"The theorem classifies decision complexity, not practical runtime on structured compiler instances."
cor:access-bipartite,Two-cell access is graph bipartiteness,"main.tex lines 1171-1176; Capacity under Observational Constraints / Source-dependent access / Expressiveness and complexity under refined observation; statement 3.26, PDF p. 20",Every source access hyperedge has exactly two operational cells.,main.tex lines 1178-1182,source-dependent triangle regression test and finite access solver,FINITE_EXECUTABLE_ANALOG,PROVED_AND_FINITE_CHECKED,The graph characterization does not extend to three-cell hyperedges.
prop:access-monotonicity,Access-expansion law,"main.tex lines 1184-1189; Capacity under Observational Constraints / Source-dependent access / Expressiveness and complexity under refined observation; statement 3.27, PDF p. 20",Behavior and operational equivalence are fixed and R1 is contained in R2.,main.tex lines 1191-1196,"492,402 access-inclusion comparisons; test_access_expansion_can_create_but_not_destroy_a_bit; test_access_underapproximation_can_create_false_impossibility",FINITE_EXECUTABLE_ANALOG,PROVED_AND_FINITE_CHECKED,An access underapproximation gives sound positive witnesses but can create a false impossibility; exact or overapproximated access is required for a sound negative result.
thm:directed-preservation,Exact feasibility under directed preservation,"main.tex lines 1226-1232; Capacity under Observational Constraints / Source-dependent access / Directed preservation specifications; statement 3.29, PDF p. 21","Arbitrary directed preservation relation B, arbitrary reachability relation R, operational equivalence J, and a nonempty finite message alphabet.",main.tex lines 1234-1246,directed_access_exact_feasible versus direct_directed_access_exact_feasible,FINITE_EXECUTABLE_ANALOG,PROVED_AND_FINITE_CHECKED,Semantic existence uses representative choice and does not imply an efficient cross-language embedder.
cor:cross-language,Cross-language watermark feasibility,"main.tex lines 1248-1259; Capacity under Observational Constraints / Source-dependent access / Directed preservation specifications; statement 3.30, PDF p. 21","Separate source and target program sets, directed correctness and implementation relations, and a target-side operational equivalence.",main.tex lines 1261-1266,directed compiler example compared with a direct target-label oracle,FINITE_EXECUTABLE_ANALOG,PROVED_AND_FINITE_CHECKED,Requires a justified source-target correctness relation and target image; it does not establish compiler correctness itself.
prop:dual-role-rewrite,A dual-role rewrite cannot create capacity,"main.tex lines 1296-1308; Capacity under Observational Constraints / Source-dependent access / Rewrite-generated access and dual-role passes; statement 3.31, PDF p. 21",Reflexive access R and a behavior-preserving rewrite T added simultaneously to access and to the operational robustness closure.,main.tex lines 1310-1318,exhaustive three-element dual-role rewrite regression,FINITE_EXECUTABLE_ANALOG,PROVED_AND_FINITE_CHECKED,"The nonincrease conclusion concerns exact semantic capacity; cost, optimization, and partial recovery are separate questions."
thm:list-recovery,Randomized recovery reduces to deterministic list coverage,"main.tex lines 1356-1363; Capacity under Observational Constraints / Randomized and list recovery / Average bounded-list containment; statement 3.32, PDF p. 23",Finite supported sources and messages; nonempty access rows; arbitrary joint source-message law; finite cell-specific list budgets; shared coins independent of the sampled pair; per-seed operational invariance.,main.tex lines 1365-1373,max_average_list_cover and direct_average_list_cover,EXACT_RATIONAL_FINITE_ANALOG,PROVED_AND_FINITE_CHECKED,"Finite supported source-message set gives finitely many coverage patterns even with infinitely many cells; this is list containment, not a prescribed sampling-distribution guarantee."
cor:local-list-budget,Tight local cell--list budget,"main.tex lines 1375-1388; Capacity under Observational Constraints / Randomized and list recovery / Average bounded-list containment; statement 3.33, PDF p. 23",One source with positive marginal mass and finite reachable list budget.,main.tex lines 1390-1392,test_one_source_list_bound_covers_most_likely_messages,EXACT_RATIONAL_FINITE_ANALOG,PROVED_AND_FINITE_CHECKED,The source-wise upper bound need not be jointly tight when sources share cells.
prop:perfect-list-cover,Perfect recovery is an edge-wise list cover,"main.tex lines 1396-1404; Capacity under Observational Constraints / Randomized and list recovery / Average bounded-list containment; statement 3.34, PDF p. 24",Finite full-support source-message law and finite per-cell budgets.,main.tex lines 1406-1408,test_unit_list_perfect_recovery_matches_polychromatic_feasibility,FINITE_EXECUTABLE_ANALOG,PROVED_AND_FINITE_CHECKED,"The complexity consequence concerns explicit finite access hypergraphs, not inference of contextual equivalence or mechanism reachability."
thm:random-hierarchy,Worst-source randomization hierarchy,"main.tex lines 1426-1436; Capacity under Observational Constraints / Randomized and list recovery / Worst-source recovery under a fixed prior; statement 3.35, PDF p. 24","Finite nonempty-edge hypergraph, finite message alphabet, fixed message prior; shared coins are sample-independent.",main.tex lines 1438-1444,deterministic_worst_source_value; private_recovery_value; shared_recovery_value,EXACT_RATIONAL_FINITE_ANALOG,PROVED_AND_FINITE_CHECKED,"Worst-source list-free recovery under a fixed prior; does not model probabilistic attacks, confidence calibration, or cost."
prop:stochastic-triangle,The stochastic triangle separates the quantifiers,"main.tex lines 1452-1463; Capacity under Observational Constraints / Randomized and list recovery / Worst-source recovery under a fixed prior; statement 3.36, PDF p. 25",Three two-vertex triangle constraints and a uniform binary prior.,main.tex lines 1465-1469,triangle deterministic/private/shared witnesses and shared_recovery_dual_bound,PRIMAL_DUAL_EXACT_RATIONAL_CERTIFICATE,PROVED_AND_FINITE_CHECKED,Separates quantifier orders on one minimal instance; it is not a universal closed form for randomized recovery.
prop:transversal-partition,Decoder fibers are transversal partitions,"main.tex lines 1516-1522; Capacity under Observational Constraints / Coordinated repetition; statement 3.37, PDF p. 26",A finite hypergraph and an exact coloring/decoder labeling.,main.tex lines 1524-1526,polychromatic_number; transversal_number; test_triangle_square_has_three_messages,FINITE_EXECUTABLE_ANALOG,PROVED_AND_FINITE_CHECKED,The statement is combinatorial and finite in the executable artifact.
prop:semantic-product,Semantic product correspondence,"main.tex lines 1542-1545; Capacity under Observational Constraints / Coordinated repetition; statement 3.38, PDF p. 26","Two finite semantic contracts with componentwise behavior, operational, and access products.",main.tex lines 1547-1549,product_partition; coordinate_product_edges; test_semantic_product_correspondence,FINITE_EXECUTABLE_ANALOG,PROVED_AND_FINITE_CHECKED,"The theorem concerns the explicitly defined coordinatewise joint contract, not arbitrary post hoc composition."
thm:joint-capacity,Joint-capacity lower bound,"main.tex lines 1551-1558; Capacity under Observational Constraints / Coordinated repetition; statement 3.39, PDF p. 26",Two hypergraphs with nonempty edges and finite message alphabets.,main.tex lines 1560-1562,coordinate_product_edges; polychromatic_number; test_joint_capacity_lower_bound_small_hypergraphs,PROVED_AND_FINITE_CHECKED,PROVED_AND_FINITE_CHECKED,The lower bound may be strict; it does not provide a concrete embedding algorithm.
prop:alternative-capacity,Alternative-family capacity,"main.tex lines 1569-1575; Capacity under Observational Constraints / Coordinated repetition; statement 3.40, PDF p. 27",A disjoint union of two nonempty-edge hypergraphs.,main.tex lines 1577-1579,disjoint_union_edges; polychromatic_number; test_disjoint_alternative_capacity_is_component_minimum,PROVED_AND_FINITE_CHECKED,PROVED_AND_FINITE_CHECKED,"The result models alternative families, not simultaneous coordinate composition."
cor:refinement-product,Exact multiplication under refinement,"main.tex lines 1583-1586; Capacity under Observational Constraints / Coordinated repetition; statement 3.41, PDF p. 27",Each operational equivalence refines its behavior equivalence and access is class-complete.,main.tex lines 1588-1596,product_partition; test_refinement_product_capacity_multiplies,PROVED_AND_FINITE_CHECKED,PROVED_AND_FINITE_CHECKED,Exact multiplication is specific to the refinement/cardinality case.
prop:triangle-square,Strict gain for the triangle square,"main.tex lines 1600-1607; Capacity under Observational Constraints / Coordinated repetition; statement 3.42, PDF p. 27",The three-vertex triangle hypergraph and its coordinate square.,main.tex lines 1609-1613,coordinate_product_edges; polychromatic_number; transversal_number; test_triangle_square_has_three_messages,PROVED_AND_EXACTLY_CHECKED,PROVED_AND_FINITE_CHECKED,"This is a strict-gain witness, not a general formula for crossing products."
thm:regularized-rate,Exact regularized rate,"main.tex lines 1624-1635; Capacity under Observational Constraints / Coordinated repetition; statement 3.43, PDF p. 28",A finite hypergraph with no empty edge; coordinate powers use the declared direct-product contract.,main.tex lines 1637-1651,coordinate_product_edges; polychromatic_number; finite product witnesses,PROVED_WITH_BOUNDED_EXECUTABLE_WITNESSES,PROVED_AND_FINITE_CHECKED,The asymptotic proof is mathematical; exhaustive computation is used only on bounded powers.
cor:semantic-rate,Semantic rate classification,"main.tex lines 1660-1671; Capacity under Observational Constraints / Coordinated repetition; statement 3.44, PDF p. 28",A finite quotient or access hypergraph under repeated coordinatewise semantic contracts.,main.tex lines 1673-1675,product_partition; coordinate_product_edges,PROVED_AND_FINITE_CHECKED,PROVED_AND_FINITE_CHECKED,"The rate is semantic existence under joint coordination and says nothing about efficient construction, stealth, or security."
cor:activation,Finite activation bound,"main.tex lines 1681-1688; Capacity under Observational Constraints / Coordinated repetition; statement 3.45, PDF p. 29",A finite hypergraph with minimum nonempty edge size at least two.,main.tex lines 1690-1692,triangle-square and fourth-power witnesses,PROVED_WITH_CONSTRUCTIVE_BOUND,PROVED_AND_FINITE_CHECKED,"The explicit activation exponent is an upper bound, not necessarily minimal."
cor:rigidity-rate,Rigidity versus global inconsistency,"main.tex lines 1696-1703; Capacity under Observational Constraints / Coordinated repetition; statement 3.46, PDF p. 29",A finite hypergraph with nonempty edges.,main.tex lines 1705-1707,capacity scenarios; triangle product regressions,PROVED_AND_FINITE_CHECKED,PROVED_AND_FINITE_CHECKED,The dichotomy is between singleton-edge rigidity and global one-shot inconsistency under coordinate products.
thm:robust-predicate,Robust-predicate classification,"main.tex lines 1772-1778; Recognition and Finite Evidence / Which predicates are robustly recognizable?; statement 4.1, PDF p. 30",Recognition uses a Boolean decoder invariant under detector indistinguishability and attacks.,main.tex lines 1780-1782,quotient-factorization primitives provide the finite analog,FINITE_EXECUTABLE_ANALOG,PROVED,Classifies recognition only; it does not imply owner-selectable insertion.
cor:robust-boolean-algebra,Boolean algebra of robust observations,"main.tex lines 1784-1787; Recognition and Finite Evidence / Which predicates are robustly recognizable?; statement 4.2, PDF p. 30",The robust-predicate classification.,main.tex lines 1789-1791,not separately enumerated,NOT_MECHANIZED,PROVED,The algebra is extensional and does not provide algorithms for deciding membership.
thm:predicate-toggle,Predicate insertion criterion,"main.tex lines 1807-1810; Recognition and Finite Evidence / When can a fixed predicate be toggled?; statement 4.4, PDF p. 31","W is operationally saturated; embedding must choose, for every source p and requested bit, a representative inside the certified accessible set Acc_R(p).",main.tex lines 1812-1814,binary specialization of the finite access-hypergraph feasibility checker,FINITE_EXECUTABLE_ANALOG,PROVED_AND_FINITE_CORRESPONDENCE_CHECKED,The criterion is semantic and source-relative; representative choice may be non-effective and does not supply a concrete watermarking algorithm.
thm:semantic-observable,Semantic observability,"main.tex lines 1822-1830; Recognition and Finite Evidence / Observability in principle; statement 4.5, PDF p. 32",Behavior is equality of complete context-observation profiles.,main.tex lines 1832-1834,not executable in the general infinite profile model,NOT_MECHANIZED,PROVED,The theorem is non-effective and makes no decidability claim.
thm:open,Open-set classification,"main.tex lines 1851-1854; Recognition and Finite Evidence / Finite Observational Evidence; statement 4.7, PDF p. 32",The realizable profile space carries the finite-coordinate cylinder topology and the predicate is contextually saturated.,main.tex lines 1856-1858,not executable; direct topological proof,NOT_MECHANIZED,PROVED,Finite certificates are existential and need not be computably discoverable.
cor:clopen,Two-sided finite evidence,"main.tex lines 1860-1863; Recognition and Finite Evidence / Finite Observational Evidence; statement 4.8, PDF p. 32",The hypotheses of thm:open applied to a predicate and its complement.,main.tex lines 1865-1867,not executable; complement argument,NOT_MECHANIZED,PROVED,Clopenness alone does not yield one uniform context set without compactness.
thm:uniform,Uniform finite-context theorem,"main.tex lines 1873-1882; Recognition and Finite Evidence / Finite Observational Evidence / Compactness yields a uniform finite experiment set; statement 4.9, PDF p. 33",The realizable profile space is compact and the predicate is contextually saturated.,main.tex lines 1884-1886,not executable; finite-subcover proof,NOT_MECHANIZED,PROVED,Compactness is essential to the stated uniformization argument; effectiveness is not established.
cor:uniform-finite-detector,Uniform finite detector,"main.tex lines 1888-1891; Recognition and Finite Evidence / Finite Observational Evidence / Compactness yields a uniform finite experiment set; statement 4.10, PDF p. 33",The hypotheses and finite set furnished by thm:uniform.,main.tex lines 1893-1895,not executable,NOT_MECHANIZED,PROVED,Factorization need not be computably synthesizable.
