name,URL,version_or_commit,sha256,license,access_date,resource_type,acquisition_method,integration_mode,claim_supported,internals_modified
TOPLAS-19 supplied template archive,user-supplied-file:TOPLAS-19_TEMPLATE.zip,acmart 2.19 bundle,9e5c2e1c3cea0e4a274edae4a172184d51750765c3460a2c712b0965e0f3f063,See bundled ACM-LICENSE.txt and component notices,2026-07-18,typesetting template,user upload,class/style copied unchanged into paper/,venue-native compilable manuscript,NO
acmart.cls,local component of supplied archive,2.19; 2026/06/27,2f949e6e3f2a79f2cdc218b9dcdbaa7dd451adb4ee0be1af6dc7ebe00b318ea7,LaTeX Project Public License / ACM notices in supplied bundle,2026-07-18,LaTeX class,extracted from supplied archive,direct typesetting dependency,paper compilation and page audit,NO
ACM-Reference-Format.bst,local component of supplied archive,supplied bundle,8ec002c927068bfc5b3cfe71b66aa4767b9e485530ac3c67ba5c064df4c2e6ac,See supplied ACM-LICENSE.txt,2026-07-18,bibliography style,extracted from supplied archive,direct bibliography dependency,rendered scholarly references,NO
CPython,https://www.python.org/,3.13.5,N/A_RUNTIME,Python Software Foundation License,2026-07-18,runtime,preinstalled public CPU environment,standard-library-only finite checker,finite exhaustive validation and result generation,NO
TeX Live / pdfTeX,https://tug.org/texlive/,TeX Live 2025/dev; pdfTeX 1.40.26,N/A_RUNTIME,component-specific free-software licenses,2026-07-18,typesetting runtime,preinstalled public CPU environment,latexmk/pdflatex/BibTeX build,compiled exactly 48-page PDF with all core proofs in regular sections,NO
Claim-level scholarly comparison corpus,local:artifact/literature-evidence/records.jsonl,68-record final corpus,3aab7c843f0c41e9571f08962520184edccec34422e4f3fce6863356bb2a512f,Metadata audit only; underlying papers retain their publisher or preprint licenses,2026-07-25,scholarly comparison corpus,"publisher, DOI, official-program, disciplinary-index, and full-text metadata checks",claim-level related work and novelty calibration,"bibliography authenticity, local support, and closest-work coverage",NO
Recent TOPLAS reference calibration corpus,local:artifact/venue-evidence/recent-toplas-reference-calibration.json,12 final published-paper counts,8231290ade90c213c84cdbfbfe024177def494aad288ef10e2aebeca6f2f0cac,Derived bibliographic metadata,2026-07-25,venue comparison corpus,published reference-list counting under one frozen rule,reference-coverage sanity floor,"median 61.5, nearest-rank P75 88, floor 62",NO
TOPLAS and adjacent venue comparison corpus,local:artifact/venue-calibration.csv,23-paper calibration,80cfb33d6894503febdf41b2ffaf86905a6073b339c665497b3f0778122c0360,Derived scholarly metadata and analysis,2026-07-25,venue comparison corpus,read-only public scholarly records,"structure, evidence, and reviewer-attack calibration",venue fit and contribution-shape comparison,NO
Multi-Channel Spread-Spectrum Code Watermarking,https://arxiv.org/abs/2607.06009,ARXIV_PREPRINT; 2026-07-07,dcecb006c4b1ad1b3d00501daedb7291ca339ee0384923fbdad99ee6d41123d9,Public scholarly preprint; source authors retain rights,2026-07-25,frontier scholarly paper,read-only full-text PDF retrieval and SHA-256 freeze,sentence-local related-work comparison and novelty adversary,"Behavior-preserving syntactic carriers, detector labels, attack robustness, and payload capacity. Assumes a fixed Python carrier inventory, keying scheme, and attack taxonomy; it does not classify arbitrary behavior/observation/access contracts or characterize when every source admits a globally consistent label family.",NO
DuCodeMark: Dual-Purpose Code Dataset Watermarking via Style-Aware Watermark–Poison Design,https://arxiv.org/abs/2604.10611,ACCEPTED_FSE_2026_PUBLIC_PREPRINT; 2026-04-12,c9af04ffc58712cedc893e0c9d042a4c8d3d4eaecaf27c6c73616162344a4281,Public scholarly preprint; source authors retain rights,2026-07-25,frontier scholarly paper,read-only full-text PDF retrieval and SHA-256 freeze,sentence-local related-work comparison and novelty adversary,"Style-preserving transformations, black-box verification, removal attacks, and source/binary task variation. Protects a training dataset through model behavior; it does not define per-program source-dependent reachability or an exact quotient/incidence feasibility boundary.",NO
SWaRL: Safeguard Code Watermarking via Reinforcement Learning,https://arxiv.org/abs/2601.02602,ARXIV_PREPRINT; 2026-01-05,b3a52d5d59e2e3111a8ca1083677dac02f4c05f43911b7decf126d7044368f49,Public scholarly preprint; source authors retain rights,2026-07-25,frontier scholarly paper,read-only full-text PDF retrieval and SHA-256 freeze,sentence-local related-work comparison and novelty adversary,"Functional preservation, detectability, adversarial transformations, and source-conditioned generation. Its guarantees and evidence depend on a trained generator/verifier and empirical distribution; it does not provide a mechanism-independent exact existence or impossibility classification.",NO
Disappearing Ink: Obfuscation Breaks N-Gram Code Watermarks in Theory and Practice,https://arxiv.org/abs/2507.05512,ARXIV_PREPRINT; 2025-07-07,24c9579af4cda62e7a9fec64102db5523e627c61f9cf5a048947c4ebeed63775,Public scholarly preprint; source authors retain rights,2026-07-25,frontier scholarly paper,read-only full-text PDF retrieval and SHA-256 freeze,sentence-local related-work comparison and novelty adversary,"Negative robustness boundaries under behavior-preserving transformations. Uses an n-gram detector family and distribution-consistency assumption; the present paper classifies arbitrary fixed detector/attack/access relations, exact messages, lists, products, and predicates.",NO
ACM acmart 2.19 author-structure guidance,https://raw.githubusercontent.com/borisveytsman/acmart/v2.19/acmart.dtx,v2.19; 2026-06-27,598e94c68671fe8a3096f0823ddf901c20f6a375376fd39ac6c527b4064abd6c,LPPL-1.3c-or-later,2026-07-26,official template documentation,read-only public source; relevant guidance captured as a faithful local record,author-block conformance audit only; no upstream internals modified,one record per author; repeated shared affiliation recommended; correspondingauthor macro; ORCID guidance,NO
Haoyi Zhang ORCID identifier,https://orcid.org/0009-0009-3693-786X,user-provided; checksum-valid,N/A_USER_PROVIDED_IDENTIFIER,ORCID identifier; registry terms apply,2026-07-27,author identifier,user-provided identifier; local MOD 11-2 validation,author metadata only,Haoyi Zhang ORCID syntax and title-page metadata,NO
Mengyang Wu ORCID identifier,https://orcid.org/0009-0009-2511-7065,user-provided; checksum-valid,N/A_USER_PROVIDED_IDENTIFIER,ORCID identifier; registry terms apply,2026-07-27,author identifier,user-provided identifier; local MOD 11-2 validation,author metadata only,Mengyang Wu ORCID syntax and title-page metadata,NO
Huaijin Ran ORCID identifier,https://orcid.org/0009-0009-2482-2344,user-provided; checksum-valid,N/A_USER_PROVIDED_IDENTIFIER,ORCID identifier; registry terms apply,2026-07-27,author identifier,user-provided identifier; local MOD 11-2 validation,author metadata only,Huaijin Ran ORCID syntax and title-page metadata,NO
Nanyang Technological University official institution page,https://www.ntu.edu.sg/about-us,public page rechecked 2026-07-27,N/A_LIVE_WEB_PAGE,Website terms apply,2026-07-27,official institutional page,read-only public page,affiliation spelling/location corroboration only,"Nanyang Technological University, Singapore institution metadata",NO
SWEET algorithm and metadata recheck,https://aclanthology.org/2024.acl-long.268/,source checked 2026-09-23,NOT_DOWNLOADED_METADATA_READ_ONLY,publisher text consulted; no full-text redistribution,2026-09-23,scholarly comparison,read-only public web source,claim-level paraphrase and bibliographic metadata,Correct the distinction between entropy-gated logit bias and output support.,NO
Threading watermark publisher recheck,https://link.springer.com/chapter/10.1007/978-3-540-30114-1_15,source checked 2026-09-23,NOT_DOWNLOADED_METADATA_READ_ONLY,publisher text consulted; no full-text redistribution,2026-09-23,scholarly comparison,read-only public web source,claim-level paraphrase and bibliographic metadata,Correct the carrier to thread contention.,NO
Disappearing Ink version 2,https://arxiv.org/abs/2507.05512v2,source checked 2026-09-23,NOT_DOWNLOADED_METADATA_READ_ONLY,publisher text consulted; no full-text redistribution,2026-09-23,scholarly comparison,read-only public web source,claim-level paraphrase and bibliographic metadata,Use current five-author order and version date.,NO
DuCodeMark formal publication,https://doi.org/10.1145/3797076,source checked 2026-09-23,NOT_DOWNLOADED_METADATA_READ_ONLY,publisher text consulted; no full-text redistribution,2026-09-23,scholarly comparison,read-only public web source,claim-level paraphrase and bibliographic metadata,Replace preprint-only citation with formal publication metadata.,NO
