index,citation_key,doi,title,year,scholarly_status,metadata_match,identifier_status,notice_check,citation_context_count,manuscript_locations,claim_support,relevance_category,single_citation_per_sentence,exact_entry_sha256,verdict,notes,external_review_level,local_review_date
1,collberg1999,10.1145/292540.292569,Software Watermarking: Models and Dynamic Embeddings,1999,PEER_REVIEWED_JOURNAL_OR_FORMAL_CONFERENCE_PAPER,TRUE,LIVE_UNIQUE_DOI,NO_CURRENT_NOTICE_FOUND_IN_RECORDED_BOUNDED_CHECK,2,Introduction; Related Work and Limitations / Software watermarking mechanisms,Foundational watermarking models made these requirements explicit and separated static from dynamic embedding techniques.,watermark mechanism or closest-work comparison,TRUE,a85df4c6ee59520962d4ee04a11aff03bd35c8f36bb0a2c15ceb93b0d905cacd,PASS_PEER_REVIEWED,"Local occurrence, relevance, status, and exact-entry integrity confirmed; external metadata provenance is recorded separately.",ARCHIVED_SOURCE_EVIDENCE_AND_LOCAL_CONTEXT_RECHECKED,2026-09-24
2,collberg2002,10.1109/TSE.2002.1027797,"Watermarking, Tamper-Proofing, and Obfuscation---Tools for Software Protection",2002,PEER_REVIEWED_JOURNAL_OR_FORMAL_CONFERENCE_PAPER,TRUE,LIVE_UNIQUE_DOI,NO_CURRENT_NOTICE_FOUND_IN_RECORDED_BOUNDED_CHECK,1,Related Work and Limitations / Software watermarking mechanisms,Subsequent surveys emphasized that transformation resilience and tamper resistance are central to practical software protection.,watermark mechanism or closest-work comparison,TRUE,19c88e61c147a2f1ded55c8c09d17c7e22bb2823808e6251d89485e073de87ce,PASS_PEER_REVIEWED,"Local occurrence, relevance, status, and exact-entry integrity confirmed; external metadata provenance is recorded separately.",ARCHIVED_SOURCE_EVIDENCE_AND_LOCAL_CONTEXT_RECHECKED,2026-09-24
3,collberg2004,10.1145/996841.996856,Dynamic Path-Based Software Watermarking,2004,PEER_REVIEWED_JOURNAL_OR_FORMAL_CONFERENCE_PAPER,TRUE,LIVE_UNIQUE_DOI,NO_CURRENT_NOTICE_FOUND_IN_RECORDED_BOUNDED_CHECK,2,Examples and Design Implications / Consequences for Watermark Design / Security claims must not hide the observation contract; Related Work and Limitations / Software watermarking mechanisms,Dynamic path-based systems demonstrated that substantial marks can be carried by selected execution behavior under a concrete attack model.,watermark mechanism or closest-work comparison,TRUE,f5cafeede8c02be49692b070acda34bdd1a1583d16687e8beb63a07bd5ea8b9a,PASS_PEER_REVIEWED,"Local occurrence, relevance, status, and exact-entry integrity confirmed; external metadata provenance is recorded separately.",ARCHIVED_SOURCE_EVIDENCE_AND_LOCAL_CONTEXT_RECHECKED,2026-09-24
4,cousot2004watermark,10.1145/964001.964016,An Abstract Interpretation-Based Framework for Software Watermarking,2004,PEER_REVIEWED_JOURNAL_OR_FORMAL_CONFERENCE_PAPER,TRUE,LIVE_UNIQUE_DOI,NO_CURRENT_NOTICE_FOUND_IN_RECORDED_BOUNDED_CHECK,2,Introduction; Related Work and Limitations / Software watermarking mechanisms,Semantics-based work recast watermark construction and attack analysis through abstract interpretation.,watermark mechanism or closest-work comparison,TRUE,2921fc3bb24d8553bf65518774bb0e392ec4bee6e7df6e9ae8f1577bd5ef24c9,PASS_PEER_REVIEWED,Abstract-interpretation semantics is an established predecessor and must be credited as such.,PRIMARY_SOURCE_RECHECKED,2026-09-24
5,dallapreda2017,10.1016/j.entcs.2017.02.005,Software Watermarking: A Semantics-Based Approach,2017,PEER_REVIEWED_JOURNAL_OR_FORMAL_CONFERENCE_PAPER,TRUE,LIVE_UNIQUE_DOI,NO_CURRENT_NOTICE_FOUND_IN_RECORDED_BOUNDED_CHECK,1,Related Work and Limitations / Software watermarking mechanisms,A semantics-based formulation subsequently related watermark correctness to selected program abstractions.,watermark mechanism or closest-work comparison,TRUE,adb0b2d1bfdafa21e06867a018acf6d7beb9a8b0b8b2199929807ad875cc36aa,PASS_PEER_REVIEWED,Retained the 2017 semantics-based article separately from the 2019 extended article.,PRIMARY_SOURCE_RECHECKED,2026-09-24
6,dallapreda2019,10.1017/S0960129518000038,Semantics-Based Software Watermarking by Abstract Interpretation,2019,PEER_REVIEWED_JOURNAL_OR_FORMAL_CONFERENCE_PAPER,TRUE,LIVE_UNIQUE_DOI,NO_CURRENT_NOTICE_FOUND_IN_RECORDED_BOUNDED_CHECK,2,Examples and Design Implications / Consequences for Watermark Design / Security claims must not hide the observation contract; Related Work and Limitations / Software watermarking mechanisms,"The semantics-based framework formalizes watermark secrecy, resilience, transparence, and accuracy through abstract-interpretation completeness; this paper instead classifies exact selectable message alphabets under fixed equality and source-access contracts.",watermark mechanism or closest-work comparison,TRUE,3701c6ebbd7f72c883dfe319f83667078f499d08d33e9916526f402e8de9e7d1,PASS_PEER_REVIEWED,"The prior framework formalizes secrecy, resilience, transparence, and accuracy through semantic abstraction and completeness. It is not merely an implementation of behavior preservation.",PRIMARY_SOURCE_RECHECKED,2026-09-24
7,dallapreda2008,10.1007/978-3-540-69166-2_12,Hiding Software Watermarks in Loop Structures,2008,PEER_REVIEWED_JOURNAL_OR_FORMAL_CONFERENCE_PAPER,TRUE,LIVE_UNIQUE_DOI,NO_CURRENT_NOTICE_FOUND_IN_RECORDED_BOUNDED_CHECK,1,Related Work and Limitations / Software watermarking mechanisms,Loop-structure watermarking gave a concrete example in which a structural abstraction changes while a chosen semantic abstraction is preserved.,watermark mechanism or closest-work comparison,TRUE,be5d6338eaae88482f5c1ed8b715bb4a9e452ceb1c6f10dbe7d09e9d66aedbfe,PASS_PEER_REVIEWED,"Local occurrence, relevance, status, and exact-entry integrity confirmed; external metadata provenance is recorded separately.",ARCHIVED_SOURCE_EVIDENCE_AND_LOCAL_CONTEXT_RECHECKED,2026-09-24
8,cohen2018,10.1137/18M1164834,Watermarking Cryptographic Capabilities,2018,PEER_REVIEWED_JOURNAL_OR_FORMAL_CONFERENCE_PAPER,TRUE,LIVE_UNIQUE_DOI,NO_CURRENT_NOTICE_FOUND_IN_RECORDED_BOUNDED_CHECK,2,Examples and Design Implications / Consequences for Watermark Design / Security claims must not hide the observation contract; Related Work and Limitations / Software watermarking mechanisms,"Cryptographic watermarking can exploit secret keys, computationally bounded adversaries, and relaxed correctness; one influential construction obtains positive results precisely after permitting negligible functional error.",watermark mechanism or closest-work comparison,TRUE,02fcc7311bd27971a88a8cd0c3a30e0703b27140ee06d6ef6af05102d07f21fb,PASS_PEER_REVIEWED,"Local occurrence, relevance, status, and exact-entry integrity confirmed; external metadata provenance is recorded separately.",ARCHIVED_SOURCE_EVIDENCE_AND_LOCAL_CONTEXT_RECHECKED,2026-09-24
9,barak2012,10.1145/2160158.2160159,On the (Im)possibility of Obfuscating Programs,2012,PEER_REVIEWED_JOURNAL_OR_FORMAL_CONFERENCE_PAPER,TRUE,LIVE_UNIQUE_DOI,NO_CURRENT_NOTICE_FOUND_IN_RECORDED_BOUNDED_CHECK,2,Examples and Design Implications / Consequences for Watermark Design / Security claims must not hide the observation contract; Related Work and Limitations / Software watermarking mechanisms,The virtual-black-box obfuscation impossibility literature likewise distinguishes what is observable from code and from black-box access.,watermark mechanism or closest-work comparison,TRUE,266ecc3ad1ba70726c72bcc18cbe1e2078bde0dee3839aab6bfbab54305a6e13,PASS_PEER_REVIEWED,"Local occurrence, relevance, status, and exact-entry integrity confirmed; external metadata provenance is recorded separately.",ARCHIVED_SOURCE_EVIDENCE_AND_LOCAL_CONTEXT_RECHECKED,2026-09-24
10,howe1996,10.1006/inco.1996.0008,Proving Congruence of Bisimulation in Functional Programming Languages,1996,PEER_REVIEWED_JOURNAL_OR_FORMAL_CONFERENCE_PAPER,TRUE,LIVE_UNIQUE_DOI,NO_CURRENT_NOTICE_FOUND_IN_RECORDED_BOUNDED_CHECK,3,"Semantic Model / Programs, contexts, and behavior; Semantic Model / From an implementation to the semantic relations; Related Work and Limitations / Behavioral equivalence and observations","For higher-order languages, bisimulation methods provide tractable proof principles for contextual equivalence; Howe's method is a canonical congruence technique.",program semantics and observational foundation,TRUE,da2cd762555441381fe9bc21f7805dd9a3aa1798dc3a4923a27d78625b33d364,PASS_PEER_REVIEWED,"Local occurrence, relevance, status, and exact-entry integrity confirmed; external metadata provenance is recorded separately.",ARCHIVED_SOURCE_EVIDENCE_AND_LOCAL_CONTEXT_RECHECKED,2026-09-24
11,plotkin1977,10.1016/0304-3975(77)90044-5,{LCF} Considered as a Programming Language,1977,PEER_REVIEWED_JOURNAL_OR_FORMAL_CONFERENCE_PAPER,TRUE,LIVE_UNIQUE_DOI,NO_CURRENT_NOTICE_FOUND_IN_RECORDED_BOUNDED_CHECK,2,"Semantic Model / Programs, contexts, and behavior; Related Work and Limitations / Behavioral equivalence and observations",Plotkin's account of LCF connected operational and denotational reasoning about observable behavior.,program semantics and observational foundation,TRUE,e3953fc7ee5aacb3e4dc86f59366bcb4778dadbfe00f32630d785837996adbae,PASS_PEER_REVIEWED,"Local occurrence, relevance, status, and exact-entry integrity confirmed; external metadata provenance is recorded separately.",ARCHIVED_SOURCE_EVIDENCE_AND_LOCAL_CONTEXT_RECHECKED,2026-09-24
12,milner1977,10.1016/0304-3975(77)90053-6,Fully Abstract Models of Typed Lambda-Calculi,1977,PEER_REVIEWED_JOURNAL_OR_FORMAL_CONFERENCE_PAPER,TRUE,LIVE_UNIQUE_DOI,NO_CURRENT_NOTICE_FOUND_IN_RECORDED_BOUNDED_CHECK,3,"Semantic Model / Programs, contexts, and behavior; Examples and Design Implications / Consequences for Watermark Design / Full abstraction is hostile to arbitrary insertion; Related Work and Limitations / Behavioral equivalence and observations",Milner's full-abstraction formulation asks denotational equality to coincide with contextual indistinguishability.,program semantics and observational foundation,TRUE,58a860ed8f4c83b6bac026ae9d1e0b52dda320e11122add4bd8c9943c97904bb,PASS_PEER_REVIEWED,"Local occurrence, relevance, status, and exact-entry integrity confirmed; external metadata provenance is recorded separately.",ARCHIVED_SOURCE_EVIDENCE_AND_LOCAL_CONTEXT_RECHECKED,2026-09-24
13,denicola1984,10.1016/0304-3975(84)90113-0,Testing Equivalences for Processes,1984,PEER_REVIEWED_JOURNAL_OR_FORMAL_CONFERENCE_PAPER,TRUE,LIVE_UNIQUE_DOI,NO_CURRENT_NOTICE_FOUND_IN_RECORDED_BOUNDED_CHECK,2,"Semantic Model / Programs, contexts, and behavior; Related Work and Limitations / Behavioral equivalence and observations",Process-testing equivalences similarly expose how the chosen experiment class determines observational identity.,program semantics and observational foundation,TRUE,dc22c0abbec63a22d5bb04c99a048606e044340ddd8340e73ad35ed3d45eb319,PASS_PEER_REVIEWED,"Local occurrence, relevance, status, and exact-entry integrity confirmed; external metadata provenance is recorded separately.",ARCHIVED_SOURCE_EVIDENCE_AND_LOCAL_CONTEXT_RECHECKED,2026-09-24
14,hennessy1985,10.1145/2455.2460,Algebraic Laws for Nondeterminism and Concurrency,1985,PEER_REVIEWED_JOURNAL_OR_FORMAL_CONFERENCE_PAPER,TRUE,LIVE_UNIQUE_DOI,NO_CURRENT_NOTICE_FOUND_IN_RECORDED_BOUNDED_CHECK,1,Related Work and Limitations / Behavioral equivalence and observations,Algebraic laws for nondeterminism characterize consequences of those observations compositionally.,program semantics and observational foundation,TRUE,fd219f7054fc0f23932615b9429e1b0e501123de30ce507206ac6c4af53bbf8c,PASS_PEER_REVIEWED,"Local occurrence, relevance, status, and exact-entry integrity confirmed; external metadata provenance is recorded separately.",ARCHIVED_SOURCE_EVIDENCE_AND_LOCAL_CONTEXT_RECHECKED,2026-09-24
15,clarkson2010,10.3233/JCS-2009-0393,Hyperproperties,2010,PEER_REVIEWED_JOURNAL_OR_FORMAL_CONFERENCE_PAPER,TRUE,LIVE_UNIQUE_DOI,NO_CURRENT_NOTICE_FOUND_IN_RECORDED_BOUNDED_CHECK,1,Related Work and Limitations / Program transformation and compiler correctness,Hyperproperties distinguish guarantees over sets of traces from ordinary trace properties.,compiler correctness and secure compilation,TRUE,32111e3d02a30389617649e814822c1482cf4df3eff8cdb8d346ccdca84584e0,PASS_PEER_REVIEWED,"Local occurrence, relevance, status, and exact-entry integrity confirmed; external metadata provenance is recorded separately.",ARCHIVED_SOURCE_EVIDENCE_AND_LOCAL_CONTEXT_RECHECKED,2026-09-24
16,cousot1977,10.1145/512950.512973,Abstract Interpretation: A Unified Lattice Model for Static Analysis of Programs by Construction or Approximation of Fixpoints,1977,PEER_REVIEWED_JOURNAL_OR_FORMAL_CONFERENCE_PAPER,TRUE,LIVE_UNIQUE_DOI,NO_CURRENT_NOTICE_FOUND_IN_RECORDED_BOUNDED_CHECK,2,Examples and Design Implications / A bit carried by forward refinement / Transformations and secure compilation; Related Work and Limitations / Program transformation and compiler correctness,Abstract interpretation provides a systematic language for sound approximations and transformations.,compiler correctness and secure compilation,TRUE,e3b145c59571d84403d123ab986a16b133213fdcd82bd08d63bce363303c40af,PASS_PEER_REVIEWED,"Local occurrence, relevance, status, and exact-entry integrity confirmed; external metadata provenance is recorded separately.",ARCHIVED_SOURCE_EVIDENCE_AND_LOCAL_CONTEXT_RECHECKED,2026-09-24
17,cousot2002,10.1145/503272.503290,Systematic Design of Program Transformation Frameworks by Abstract Interpretation,2002,PEER_REVIEWED_JOURNAL_OR_FORMAL_CONFERENCE_PAPER,TRUE,LIVE_UNIQUE_DOI,NO_CURRENT_NOTICE_FOUND_IN_RECORDED_BOUNDED_CHECK,1,Related Work and Limitations / Program transformation and compiler correctness,The same methodology can organize semantics-preserving program transformations.,compiler correctness and secure compilation,TRUE,60c9fe3c3a1f8fa48da83ffb53777f6eb79a0bb2d6dff09eee40da42ea327fe3,PASS_PEER_REVIEWED,"Local occurrence, relevance, status, and exact-entry integrity confirmed; external metadata provenance is recorded separately.",ARCHIVED_SOURCE_EVIDENCE_AND_LOCAL_CONTEXT_RECHECKED,2026-09-24
18,benton2004,10.1145/964001.964003,Simple Relational Correctness Proofs for Static Analyses and Program Transformations,2004,PEER_REVIEWED_JOURNAL_OR_FORMAL_CONFERENCE_PAPER,TRUE,LIVE_UNIQUE_DOI,NO_CURRENT_NOTICE_FOUND_IN_RECORDED_BOUNDED_CHECK,2,Examples and Design Implications / A bit carried by forward refinement / Transformations and secure compilation; Related Work and Limitations / Program transformation and compiler correctness,Relational program logics can prove that transformations preserve specified observations.,compiler correctness and secure compilation,TRUE,55ea31f5c8fe84e3538d0e703e3a33a7c55cee0c47d26c32c93864ba97e194cd,PASS_PEER_REVIEWED,"Local occurrence, relevance, status, and exact-entry integrity confirmed; external metadata provenance is recorded separately.",ARCHIVED_SOURCE_EVIDENCE_AND_LOCAL_CONTEXT_RECHECKED,2026-09-24
19,abate2021,10.1145/3460860,An Extended Account of Trace-Relating Compiler Correctness and Secure Compilation,2021,PEER_REVIEWED_JOURNAL_OR_FORMAL_CONFERENCE_PAPER,TRUE,LIVE_UNIQUE_DOI,NO_CURRENT_NOTICE_FOUND_IN_RECORDED_BOUNDED_CHECK,2,Examples and Design Implications / A bit carried by forward refinement / Transformations and secure compilation; Related Work and Limitations / Program transformation and compiler correctness,Secure-compilation criteria strengthen correctness by requiring target contexts not to introduce source-impossible behaviors; trace-relating formulations make the source-target observation relation explicit.,compiler correctness and secure compilation,TRUE,64a074644703f5ab9a9e57a90cf0c0c9787556b172195a6359d8130bad79d1e3,PASS_PEER_REVIEWED,"Local occurrence, relevance, status, and exact-entry integrity confirmed; external metadata provenance is recorded separately.",ARCHIVED_SOURCE_EVIDENCE_AND_LOCAL_CONTEXT_RECHECKED,2026-09-24
20,patrignani2021,10.1145/3436809,"Robustly Safe Compilation, an Efficient Form of Secure Compilation",2021,PEER_REVIEWED_JOURNAL_OR_FORMAL_CONFERENCE_PAPER,TRUE,LIVE_UNIQUE_DOI,NO_CURRENT_NOTICE_FOUND_IN_RECORDED_BOUNDED_CHECK,2,Examples and Design Implications / A bit carried by forward refinement / Transformations and secure compilation; Related Work and Limitations / Program transformation and compiler correctness,Robustly safe compilation focuses on preserving safety properties against adversarial contexts.,compiler correctness and secure compilation,TRUE,22d17361cc88c42013f5f7e2127cbf049f42116564e4000229cc18bae8241542,PASS_PEER_REVIEWED,"Local occurrence, relevance, status, and exact-entry integrity confirmed; external metadata provenance is recorded separately.",ARCHIVED_SOURCE_EVIDENCE_AND_LOCAL_CONTEXT_RECHECKED,2026-09-24
21,rice1953,10.2307/1990888,Classes of Recursively Enumerable Sets and Their Decision Problems,1953,PEER_REVIEWED_JOURNAL_OR_FORMAL_CONFERENCE_PAPER,TRUE,LIVE_UNIQUE_DOI,NO_CURRENT_NOTICE_FOUND_IN_RECORDED_BOUNDED_CHECK,2,Recognition and Finite Evidence / Observability in principle; Related Work and Limitations / Behavioral equivalence and observations,"Sixth, semantic observability says nothing by itself about effective decidability; Rice's theorem still blocks algorithms for nontrivial extensional properties in general-purpose Turing-complete settings.",program semantics and observational foundation,TRUE,1139fb5819da6dff668e1222e29ecd7c108d62d4d73b5eb4bfac51602f3baed7,PASS_PEER_REVIEWED,"Local occurrence, relevance, status, and exact-entry integrity confirmed; external metadata provenance is recorded separately.",ARCHIVED_SOURCE_EVIDENCE_AND_LOCAL_CONTEXT_RECHECKED,2026-09-24
22,korovina2017,10.23638/LMCS-13(4:30)2017,The Rice--Shapiro Theorem in Computable Topology,2017,PEER_REVIEWED_JOURNAL_OR_FORMAL_CONFERENCE_PAPER,TRUE,LIVE_UNIQUE_DOI,NO_CURRENT_NOTICE_FOUND_IN_RECORDED_BOUNDED_CHECK,2,Recognition and Finite Evidence / Observability in principle; Related Work and Limitations / Behavioral equivalence and observations,Computable-topological refinements such as Rice--Shapiro characterize when positive information can be witnessed by finite computation in suitable domains.,program semantics and observational foundation,TRUE,7023808e0b5960de93e307dc2289156a9cff120b4b35dc5fdbbdd5a6e86fa318,PASS_PEER_REVIEWED,"Local occurrence, relevance, status, and exact-entry integrity confirmed; external metadata provenance is recorded separately.",ARCHIVED_SOURCE_EVIDENCE_AND_LOCAL_CONTEXT_RECHECKED,2026-09-24
23,sangiorgi2011,10.1145/1889997.1890002,Environmental Bisimulations for Higher-Order Languages,2011,PEER_REVIEWED_JOURNAL_OR_FORMAL_CONFERENCE_PAPER,TRUE,LIVE_UNIQUE_DOI,NO_CURRENT_NOTICE_FOUND_IN_RECORDED_BOUNDED_CHECK,1,Related Work and Limitations / Behavioral equivalence and observations,Environmental bisimulation handles higher-order values by recording the observer's accumulated knowledge.,program semantics and observational foundation,TRUE,eb020b95f897ecd03a2dea997e04d4320b01a7f04c06e29dd7bed2ad530b0390,PASS_PEER_REVIEWED,"Local occurrence, relevance, status, and exact-entry integrity confirmed; external metadata provenance is recorded separately.",ARCHIVED_SOURCE_EVIDENCE_AND_LOCAL_CONTEXT_RECHECKED,2026-09-24
24,sangiorgi2019,10.1145/3350618,Environmental Bisimulations for Probabilistic Higher-Order Languages,2019,PEER_REVIEWED_JOURNAL_OR_FORMAL_CONFERENCE_PAPER,TRUE,LIVE_UNIQUE_DOI,NO_CURRENT_NOTICE_FOUND_IN_RECORDED_BOUNDED_CHECK,1,Related Work and Limitations / Behavioral equivalence and observations,Its probabilistic extension shows why richer observations may require quantitative equivalences rather than one Boolean relation.,program semantics and observational foundation,TRUE,50d8fe7c560ccc3cf8f7ce6e2e64b28325b2700e3dfafd96cd2471d77ad4a222,PASS_PEER_REVIEWED,"Local occurrence, relevance, status, and exact-entry integrity confirmed; external metadata provenance is recorded separately.",ARCHIVED_SOURCE_EVIDENCE_AND_LOCAL_CONTEXT_RECHECKED,2026-09-24
25,bollobas2013,10.1137/110856332,Cover-Decomposition and Polychromatic Numbers,2013,PEER_REVIEWED_JOURNAL_OR_FORMAL_CONFERENCE_PAPER,TRUE,LIVE_UNIQUE_DOI,NO_CURRENT_NOTICE_FOUND_IN_RECORDED_BOUNDED_CHECK,3,Introduction; Capacity under Observational Constraints / Crossing constraints / Expressiveness and computational boundary; Related Work and Limitations / Abstraction and combinatorial boundaries,"A polychromatic coloring assigns colors so that every hyperedge contains every color, and the maximum number of colors is the hypergraph’s polychromatic number.","abstract interpretation, combinatorics, or complexity boundary",TRUE,f4ad5310d249d8b099b09d35ddfe4af7f500e924c2e8eb111a416c6215878a82,PASS_PEER_REVIEWED,"Local occurrence, relevance, status, and exact-entry integrity confirmed; external metadata provenance is recorded separately.",ARCHIVED_SOURCE_EVIDENCE_AND_LOCAL_CONTEXT_RECHECKED,2026-09-24
26,schaefer1978,10.1145/800133.804350,The Complexity of Satisfiability Problems,1978,PEER_REVIEWED_JOURNAL_OR_FORMAL_CONFERENCE_PAPER,TRUE,LIVE_UNIQUE_DOI,NO_CURRENT_NOTICE_FOUND_IN_RECORDED_BOUNDED_CHECK,1,Related Work and Limitations / Abstraction and combinatorial boundaries,Positive not-all-equal satisfiability supplies the standard finite hardness source.,"abstract interpretation, combinatorics, or complexity boundary",TRUE,01cbaa860f5fbd2a6f349b9126ac3c0bad41c61d788b4fac5e424134a477e7ba,PASS_PEER_REVIEWED,"Local occurrence, relevance, status, and exact-entry integrity confirmed; external metadata provenance is recorded separately.",ARCHIVED_SOURCE_EVIDENCE_AND_LOCAL_CONTEXT_RECHECKED,2026-09-24
27,darmann2020,10.1016/j.tcs.2020.02.010,On a Simple Hard Variant of Not-All-Equal 3-Sat,2020,PEER_REVIEWED_JOURNAL_OR_FORMAL_CONFERENCE_PAPER,TRUE,LIVE_UNIQUE_DOI,NO_CURRENT_NOTICE_FOUND_IN_RECORDED_BOUNDED_CHECK,3,Capacity under Observational Constraints / Crossing constraints / Finitary-edge compactness and infinite-edge failure; Capacity under Observational Constraints / Source-dependent access / Expressiveness and complexity under refined observation; Related Work and Limitations / Abstraction and combinatorial boundaries,"Monotone not-all-equal 3-SAT remains NP-complete under distinct-variable, bounded-occurrence, and linearity restrictions, supporting the restricted hardness boundary used here.","abstract interpretation, combinatorics, or complexity boundary",TRUE,2024d2e4ca0e4f2ec43df9e33d0123c5ca1121cf61bd7566bfa4eae0bca71add,PASS_PEER_REVIEWED,"Local occurrence, relevance, status, and exact-entry integrity confirmed; external metadata provenance is recorded separately.",ARCHIVED_SOURCE_EVIDENCE_AND_LOCAL_CONTEXT_RECHECKED,2026-09-24
28,collberg1998,10.1145/268946.268962,"Manufacturing Cheap, Resilient, and Stealthy Opaque Constructs",1998,PEER_REVIEWED_JOURNAL_OR_FORMAL_CONFERENCE_PAPER,TRUE,LIVE_UNIQUE_DOI,NO_CURRENT_NOTICE_FOUND_IN_RECORDED_BOUNDED_CHECK,1,Related Work and Limitations / Software watermarking mechanisms,Cheap opaque constructs were introduced as building blocks whose values are known to a transformer but intended to resist program analysis.,watermark mechanism or closest-work comparison,TRUE,3ab6b1809ce0eb02baa72b10e37034378d138f53d6cf1b1d9fef94d8d3e58eb3,PASS_PEER_REVIEWED,"Local occurrence, relevance, status, and exact-entry integrity confirmed; external metadata provenance is recorded separately.",ARCHIVED_SOURCE_EVIDENCE_AND_LOCAL_CONTEXT_RECHECKED,2026-09-24
29,venkatesan2001,10.1007/3-540-45496-9_12,A Graph Theoretic Approach to Software Watermarking,2001,PEER_REVIEWED_JOURNAL_OR_FORMAL_CONFERENCE_PAPER,TRUE,LIVE_UNIQUE_DOI,NO_CURRENT_NOTICE_FOUND_IN_RECORDED_BOUNDED_CHECK,1,Related Work and Limitations / Software watermarking mechanisms,Graph-theoretic watermarking encoded a value in a control-flow graph and made graph recovery part of the detection problem.,watermark mechanism or closest-work comparison,TRUE,121aa0f34254e1fce9f914e78fb5703db7600ac74631de99160275cb6dbbeb71,PASS_PEER_REVIEWED,"Local occurrence, relevance, status, and exact-entry integrity confirmed; external metadata provenance is recorded separately.",ARCHIVED_SOURCE_EVIDENCE_AND_LOCAL_CONTEXT_RECHECKED,2026-09-24
30,monden2000,10.1109/CMPSAC.2000.884716,A Practical Method for Watermarking Java Programs,2000,PEER_REVIEWED_JOURNAL_OR_FORMAL_CONFERENCE_PAPER,TRUE,LIVE_UNIQUE_DOI,NO_CURRENT_NOTICE_FOUND_IN_RECORDED_BOUNDED_CHECK,1,Related Work and Limitations / Software watermarking mechanisms,Monden and colleagues embed watermarks in Java class files and evaluate obfuscator and decompile/recompile attacks; these tests do not establish universal contextual preservation.,watermark mechanism or closest-work comparison,TRUE,ebf35c7bcc02be1c57152cfdba2029e920957c52c1756a241bf2cb5ca2f99234,PASS_PEER_REVIEWED,"Retained author order Inoue before Torii, as institutional records show; DBLP differs. Class-file watermarking is the primary carrier, not source-level variable naming.",METADATA_RECHECKED,2026-09-24
31,myles2006,10.1007/s10660-006-6955-z,"Software Watermarking via Opaque Predicates: Implementation, Analysis, and Attacks",2006,PEER_REVIEWED_JOURNAL_OR_FORMAL_CONFERENCE_PAPER,TRUE,LIVE_UNIQUE_DOI,NO_CURRENT_NOTICE_FOUND_IN_RECORDED_BOUNDED_CHECK,1,Related Work and Limitations / Software watermarking mechanisms,"Opaque-predicate watermarking was implemented and subjected to distortive attacks, exposing the difference between carrier availability and attack robustness.",watermark mechanism or closest-work comparison,TRUE,db9d6b8f0656aaef66f4835df59e79ebf7238ba9fd33589c08d542d89cd69df8,PASS_PEER_REVIEWED,"Local occurrence, relevance, status, and exact-entry integrity confirmed; external metadata provenance is recorded separately.",ARCHIVED_SOURCE_EVIDENCE_AND_LOCAL_CONTEXT_RECHECKED,2026-09-24
32,palsberg2000,10.1109/ACSAC.2000.898885,Experience with Software Watermarking,2000,PEER_REVIEWED_JOURNAL_OR_FORMAL_CONFERENCE_PAPER,TRUE,LIVE_UNIQUE_DOI,NO_CURRENT_NOTICE_FOUND_IN_RECORDED_BOUNDED_CHECK,1,Related Work and Limitations / Software watermarking mechanisms,"Early implementation experience showed that practical watermark quality depends on the representation, transformation budget, and attack model rather than on payload size alone.",watermark mechanism or closest-work comparison,TRUE,8740c9e614d0049a3e29b8aa8714a0f93f4b315063e16926abb065f32c01d26e,PASS_PEER_REVIEWED,"Local occurrence, relevance, status, and exact-entry integrity confirmed; external metadata provenance is recorded separately.",ARCHIVED_SOURCE_EVIDENCE_AND_LOCAL_CONTEXT_RECHECKED,2026-09-24
33,nagra2004,10.1007/978-3-540-30114-1_15,Threading Software Watermarks,2004,PEER_REVIEWED_JOURNAL_OR_FORMAL_CONFERENCE_PAPER,TRUE,LIVE_UNIQUE_DOI,NO_CURRENT_NOTICE_FOUND_IN_RECORDED_BOUNDED_CHECK,1,Related Work and Limitations / Software watermarking mechanisms,Threading Software Watermarks encodes and recognizes a bit string using thread contention; its runtime synchronization opportunities motivate source-dependent carrier availability.,watermark mechanism or closest-work comparison,TRUE,8e3965aeb1de6779ed9e38cbee10e5952f111f2c24a9520e9e467c75badc2143,PASS_PEER_REVIEWED,"The watermark is encoded as a bit string via thread contention, not a heap graph.",PRIMARY_SOURCE_RECHECKED,2026-09-24
34,collberg2007fingerprinting,10.1145/1286821.1286826,Dynamic Graph-Based Software Fingerprinting,2007,PEER_REVIEWED_JOURNAL_OR_FORMAL_CONFERENCE_PAPER,TRUE,LIVE_UNIQUE_DOI,NO_CURRENT_NOTICE_FOUND_IN_RECORDED_BOUNDED_CHECK,1,Related Work and Limitations / Software watermarking mechanisms,Dynamic graph fingerprinting placed a graph in program execution state and argued resilience through the difficulty of recovering alias structure.,watermark mechanism or closest-work comparison,TRUE,d7ec7e30836de27410ed6580d2986aa2032341f8579b07d699a31ba545eaef60,PASS_PEER_REVIEWED,"Local occurrence, relevance, status, and exact-entry integrity confirmed; external metadata provenance is recorded separately.",ARCHIVED_SOURCE_EVIDENCE_AND_LOCAL_CONTEXT_RECHECKED,2026-09-24
35,abramsky1993,10.1006/inco.1993.1044,Full Abstraction in the Lazy Lambda Calculus,1993,PEER_REVIEWED_JOURNAL_OR_FORMAL_CONFERENCE_PAPER,TRUE,LIVE_UNIQUE_DOI,NO_CURRENT_NOTICE_FOUND_IN_RECORDED_BOUNDED_CHECK,1,Related Work and Limitations / Behavioral equivalence and observations,The lazy lambda calculus provides a canonical full-abstraction result in which the observation language fixes the semantic quotient.,program semantics and observational foundation,TRUE,35308997366865d2fee99dc6fdb22a928a46bbb002bd27255118b067797e62fe,PASS_PEER_REVIEWED,"Local occurrence, relevance, status, and exact-entry integrity confirmed; external metadata provenance is recorded separately.",ARCHIVED_SOURCE_EVIDENCE_AND_LOCAL_CONTEXT_RECHECKED,2026-09-24
36,ahmed2006,10.1007/11693024_6,Step-Indexed Syntactic Logical Relations for Recursive and Quantified Types,2006,PEER_REVIEWED_JOURNAL_OR_FORMAL_CONFERENCE_PAPER,TRUE,LIVE_UNIQUE_DOI,NO_CURRENT_NOTICE_FOUND_IN_RECORDED_BOUNDED_CHECK,1,Related Work and Limitations / Behavioral equivalence and observations,Step indexing supports recursive and quantified types when naive induction is unavailable.,program semantics and observational foundation,TRUE,2619370e6eef0850bb16e43053ac949ff006e83118c991f8948018012802bf96,PASS_PEER_REVIEWED,"Local occurrence, relevance, status, and exact-entry integrity confirmed; external metadata provenance is recorded separately.",ARCHIVED_SOURCE_EVIDENCE_AND_LOCAL_CONTEXT_RECHECKED,2026-09-24
37,sangiorgi1998,10.1017/S0960129598002527,On the Bisimulation Proof Method,1998,PEER_REVIEWED_JOURNAL_OR_FORMAL_CONFERENCE_PAPER,TRUE,LIVE_UNIQUE_DOI,NO_CURRENT_NOTICE_FOUND_IN_RECORDED_BOUNDED_CHECK,1,Related Work and Limitations / Behavioral equivalence and observations,Sangiorgi's treatment isolates the general proof obligations behind bisimulation methods.,program semantics and observational foundation,TRUE,ee8c34b3ee4c5e740ae57dc2a99a4fa7aeb716f75b444f601ef9ed9cb78db8c0,PASS_PEER_REVIEWED,"Local occurrence, relevance, status, and exact-entry integrity confirmed; external metadata provenance is recorded separately.",ARCHIVED_SOURCE_EVIDENCE_AND_LOCAL_CONTEXT_RECHECKED,2026-09-24
38,sumii2007dynamic,10.1016/j.tcs.2006.12.032,A Bisimulation for Dynamic Sealing,2007,PEER_REVIEWED_JOURNAL_OR_FORMAL_CONFERENCE_PAPER,TRUE,LIVE_UNIQUE_DOI,NO_CURRENT_NOTICE_FOUND_IN_RECORDED_BOUNDED_CHECK,1,Related Work and Limitations / Behavioral equivalence and observations,Dynamic sealing has a dedicated bisimulation that accounts for generative protection boundaries.,program semantics and observational foundation,TRUE,29598d8b379ecc0984bd23ab642d7053a8be9e7101738fe9f9b05e1e0e1f629c,PASS_PEER_REVIEWED,"Local occurrence, relevance, status, and exact-entry integrity confirmed; external metadata provenance is recorded separately.",ARCHIVED_SOURCE_EVIDENCE_AND_LOCAL_CONTEXT_RECHECKED,2026-09-24
39,sumii2007type,10.1145/1284320.1284325,A Bisimulation for Type Abstraction and Recursion,2007,PEER_REVIEWED_JOURNAL_OR_FORMAL_CONFERENCE_PAPER,TRUE,LIVE_UNIQUE_DOI,NO_CURRENT_NOTICE_FOUND_IN_RECORDED_BOUNDED_CHECK,1,Related Work and Limitations / Behavioral equivalence and observations,Type abstraction and recursion admit a related bisimulation tailored to representation hiding.,program semantics and observational foundation,TRUE,d451d7f8db1b09ce9bc25fe9e391310e10f3c7aaabe24296a5e47d68b29b25e7,PASS_PEER_REVIEWED,"Local occurrence, relevance, status, and exact-entry integrity confirmed; external metadata provenance is recorded separately.",ARCHIVED_SOURCE_EVIDENCE_AND_LOCAL_CONTEXT_RECHECKED,2026-09-24
40,mason1991,10.1017/S0956796800000125,Equivalence in Functional Languages with Effects,1991,PEER_REVIEWED_JOURNAL_OR_FORMAL_CONFERENCE_PAPER,TRUE,LIVE_UNIQUE_DOI,NO_CURRENT_NOTICE_FOUND_IN_RECORDED_BOUNDED_CHECK,1,Related Work and Limitations / Behavioral equivalence and observations,Equivalence for effectful functional languages shows that the chosen effects and observations materially change that quotient.,program semantics and observational foundation,TRUE,4fbcee56f0340813d2c0b12a35cc0da7621c0d04af9e85fad57cab444c10bbb4,PASS_PEER_REVIEWED,"Local occurrence, relevance, status, and exact-entry integrity confirmed; external metadata provenance is recorded separately.",ARCHIVED_SOURCE_EVIDENCE_AND_LOCAL_CONTEXT_RECHECKED,2026-09-24
41,ahmed2009,10.1145/1480881.1480925,State-Dependent Representation Independence,2009,PEER_REVIEWED_JOURNAL_OR_FORMAL_CONFERENCE_PAPER,TRUE,LIVE_UNIQUE_DOI,NO_CURRENT_NOTICE_FOUND_IN_RECORDED_BOUNDED_CHECK,1,Related Work and Limitations / Behavioral equivalence and observations,State-dependent representation independence captures modules whose hidden invariant evolves over time.,program semantics and observational foundation,TRUE,d02461e5fbc2f91033abf25c5d6f8a3e92f4d48ccf4b989f5912dde5e27bea6f,PASS_PEER_REVIEWED,"Local occurrence, relevance, status, and exact-entry integrity confirmed; external metadata provenance is recorded separately.",ARCHIVED_SOURCE_EVIDENCE_AND_LOCAL_CONTEXT_RECHECKED,2026-09-24
42,li2018polychromatic,10.1016/j.amc.2018.07.019,Polychromatic Colorings and Cover Decompositions of Hypergraphs,2018,PEER_REVIEWED_JOURNAL_OR_FORMAL_CONFERENCE_PAPER,TRUE,LIVE_UNIQUE_DOI,NO_CURRENT_NOTICE_FOUND_IN_RECORDED_BOUNDED_CHECK,1,Related Work and Limitations / Abstraction and combinatorial boundaries,General minimum-edge and maximum-degree lower bounds for polychromatic colorings already yield the same exponential scale used in the repeated-product discussion.,"abstract interpretation, combinatorics, or complexity boundary",TRUE,f77b2bf78026f51b84c8736861dbfb1eae7e43c52d242592b69e52bbe61c9c43,PASS_PEER_REVIEWED,"Local occurrence, relevance, status, and exact-entry integrity confirmed; external metadata provenance is recorded separately.",ARCHIVED_SOURCE_EVIDENCE_AND_LOCAL_CONTEXT_RECHECKED,2026-09-24
43,abate2019,10.1109/CSF.2019.00025,Journey Beyond Full Abstraction: Exploring Robust Property Preservation for Secure Compilation,2019,PEER_REVIEWED_JOURNAL_OR_FORMAL_CONFERENCE_PAPER,TRUE,LIVE_UNIQUE_DOI,NO_CURRENT_NOTICE_FOUND_IN_RECORDED_BOUNDED_CHECK,1,Related Work and Limitations / Program transformation and compiler correctness,Robust property preservation broadened the design space beyond full abstraction by classifying which property classes survive arbitrary target contexts.,compiler correctness and secure compilation,TRUE,6125d3ce8e644b245dd1afc1d2757d67e13072ef4418f59f39324e64f146ddc7,PASS_PEER_REVIEWED,"Local occurrence, relevance, status, and exact-entry integrity confirmed; external metadata provenance is recorded separately.",ARCHIVED_SOURCE_EVIDENCE_AND_LOCAL_CONTEXT_RECHECKED,2026-09-24
44,devriese2017,10.23638/LMCS-13(4:2)2017,"Modular, Fully-Abstract Compilation by Approximate Back-Translation",2017,PEER_REVIEWED_JOURNAL_OR_FORMAL_CONFERENCE_PAPER,TRUE,LIVE_UNIQUE_DOI,NO_CURRENT_NOTICE_FOUND_IN_RECORDED_BOUNDED_CHECK,1,Related Work and Limitations / Program transformation and compiler correctness,Approximate back-translation made fully abstract compilation modular when exact target-to-source simulation was unavailable.,compiler correctness and secure compilation,TRUE,ef65ec5d3a7dac93176c1c9fda2887726c8c2526901fa503e2efc7a1d37da5d7,PASS_PEER_REVIEWED,"Local occurrence, relevance, status, and exact-entry integrity confirmed; external metadata provenance is recorded separately.",ARCHIVED_SOURCE_EVIDENCE_AND_LOCAL_CONTEXT_RECHECKED,2026-09-24
45,new2016,10.1145/2951913.2951941,Fully Abstract Compilation via Universal Embedding,2016,PEER_REVIEWED_JOURNAL_OR_FORMAL_CONFERENCE_PAPER,TRUE,LIVE_UNIQUE_DOI,NO_CURRENT_NOTICE_FOUND_IN_RECORDED_BOUNDED_CHECK,1,Related Work and Limitations / Program transformation and compiler correctness,Universal embedding provided a reusable construction principle for fully abstract compilation.,compiler correctness and secure compilation,TRUE,3616d99f032904c8c2ccfc83471a90cc167e8967282bae9d10d3f88833ce1b80,PASS_PEER_REVIEWED,"Local occurrence, relevance, status, and exact-entry integrity confirmed; external metadata provenance is recorded separately.",ARCHIVED_SOURCE_EVIDENCE_AND_LOCAL_CONTEXT_RECHECKED,2026-09-24
46,fournet2013,10.1145/2429069.2429114,Fully Abstract Compilation to JavaScript,2013,PEER_REVIEWED_JOURNAL_OR_FORMAL_CONFERENCE_PAPER,TRUE,LIVE_UNIQUE_DOI,NO_CURRENT_NOTICE_FOUND_IN_RECORDED_BOUNDED_CHECK,1,Related Work and Limitations / Program transformation and compiler correctness,A compiler to JavaScript was proved fully abstract by mediating the source and target observations.,compiler correctness and secure compilation,TRUE,3140e891cea7f07ecf423bbcb063a228cdc28095b2a31986a10f13efd2902a90,PASS_PEER_REVIEWED,"Local occurrence, relevance, status, and exact-entry integrity confirmed; external metadata provenance is recorded separately.",ARCHIVED_SOURCE_EVIDENCE_AND_LOCAL_CONTEXT_RECHECKED,2026-09-24
47,lanckriet2026,10.1177/0926227X251409398,"{SoK}: Robust Properties, Robust Abstractions and Back-Translations",2026,PEER_REVIEWED_JOURNAL_OR_FORMAL_CONFERENCE_PAPER,TRUE,LIVE_UNIQUE_DOI,NO_CURRENT_NOTICE_FOUND_IN_RECORDED_BOUNDED_CHECK,1,Related Work and Limitations / Program transformation and compiler correctness,"A recent synthesis relates robust properties, abstraction maps, and back-translations across these criteria.",compiler correctness and secure compilation,TRUE,b12099dc6e54af8f4ba67463a93eb5da88c25b3095e3a579a1be2eb1a95c1be0,PASS_PEER_REVIEWED,"Volume 34, issue 3, 230--257, 2026. Retained.",PRIMARY_SOURCE_RECHECKED,2026-09-24
48,barthe2021,10.1109/CSF51468.2021.00020,Secure Compilation of Constant-Resource Programs,2021,PEER_REVIEWED_JOURNAL_OR_FORMAL_CONFERENCE_PAPER,TRUE,LIVE_UNIQUE_DOI,NO_CURRENT_NOTICE_FOUND_IN_RECORDED_BOUNDED_CHECK,1,Related Work and Limitations / Program transformation and compiler correctness,Constant-resource secure compilation preserves a resource-sensitive observational contract rather than only functional behavior.,compiler correctness and secure compilation,TRUE,c62b470c6c48256487133597414b6dcb2c4ceed1b46a7e086b8b6d062384341a,PASS_PEER_REVIEWED,"Local occurrence, relevance, status, and exact-entry integrity confirmed; external metadata provenance is recorded separately.",ARCHIVED_SOURCE_EVIDENCE_AND_LOCAL_CONTEXT_RECHECKED,2026-09-24
49,patrignani2017hyper,10.1109/CSF.2017.13,Secure Compilation and Hyperproperty Preservation,2017,PEER_REVIEWED_JOURNAL_OR_FORMAL_CONFERENCE_PAPER,TRUE,LIVE_UNIQUE_DOI,NO_CURRENT_NOTICE_FOUND_IN_RECORDED_BOUNDED_CHECK,1,Related Work and Limitations / Program transformation and compiler correctness,Secure compilation and hyperproperty preservation made the relation to safety hyperproperties explicit.,compiler correctness and secure compilation,TRUE,dbc446a44530a3986c266a5403dc444da7ada8b7fb9e88650081fb3c1263c0ba,PASS_PEER_REVIEWED,"Local occurrence, relevance, status, and exact-entry integrity confirmed; external metadata provenance is recorded separately.",ARCHIVED_SOURCE_EVIDENCE_AND_LOCAL_CONTEXT_RECHECKED,2026-09-24
50,patrignani2024uc,10.1145/3698234,Universal Composability Is Robust Compilation,2024,PEER_REVIEWED_JOURNAL_OR_FORMAL_CONFERENCE_PAPER,TRUE,LIVE_UNIQUE_DOI,NO_CURRENT_NOTICE_FOUND_IN_RECORDED_BOUNDED_CHECK,1,Related Work and Limitations / Program transformation and compiler correctness,Universal composability has been characterized as a robust-compilation property in a compositional cryptographic setting.,compiler correctness and secure compilation,TRUE,af1577d88259f0e74ea9982f42ea4eac093853bd1126db6c67e76b323412442e,PASS_PEER_REVIEWED,"Local occurrence, relevance, status, and exact-entry integrity confirmed; external metadata provenance is recorded separately.",ARCHIVED_SOURCE_EVIDENCE_AND_LOCAL_CONTEXT_RECHECKED,2026-09-24
51,cousot1979,10.1145/567752.567778,Systematic Design of Program Analysis Frameworks,1979,PEER_REVIEWED_JOURNAL_OR_FORMAL_CONFERENCE_PAPER,TRUE,LIVE_UNIQUE_DOI,NO_CURRENT_NOTICE_FOUND_IN_RECORDED_BOUNDED_CHECK,1,Related Work and Limitations / Program transformation and compiler correctness,"Systematic analysis frameworks separate a concrete semantics, an abstraction, and the transfer functions justified over it.",compiler correctness and secure compilation,TRUE,005332079269b49f79d558a301457f18ab3e124eee7777775eb400018b7d6599,PASS_PEER_REVIEWED,"Local occurrence, relevance, status, and exact-entry integrity confirmed; external metadata provenance is recorded separately.",ARCHIVED_SOURCE_EVIDENCE_AND_LOCAL_CONTEXT_RECHECKED,2026-09-24
52,giacobazzi2000,10.1145/333979.333989,Making Abstract Interpretations Complete,2000,PEER_REVIEWED_JOURNAL_OR_FORMAL_CONFERENCE_PAPER,TRUE,LIVE_UNIQUE_DOI,NO_CURRENT_NOTICE_FOUND_IN_RECORDED_BOUNDED_CHECK,1,Related Work and Limitations / Abstraction and combinatorial boundaries,Completeness of an abstract interpretation characterizes when abstraction loses no information relevant to selected semantic operations.,"abstract interpretation, combinatorics, or complexity boundary",TRUE,b705b06c8838737b15f2a4c4f0ff8e5a6888cb977cd016dbd523e5bd7ca0b7da,PASS_PEER_REVIEWED,"Local occurrence, relevance, status, and exact-entry integrity confirmed; external metadata provenance is recorded separately.",ARCHIVED_SOURCE_EVIDENCE_AND_LOCAL_CONTEXT_RECHECKED,2026-09-24
53,ranzato2007,10.1093/logcom/exl035,Generalized Strong Preservation by Abstract Interpretation,2007,PEER_REVIEWED_JOURNAL_OR_FORMAL_CONFERENCE_PAPER,TRUE,LIVE_UNIQUE_DOI,NO_CURRENT_NOTICE_FOUND_IN_RECORDED_BOUNDED_CHECK,1,Related Work and Limitations / Abstraction and combinatorial boundaries,Strong preservation characterizes abstractions that retain exactly the formulas of an observation language.,"abstract interpretation, combinatorics, or complexity boundary",TRUE,70f882c98473da4541f7f21cffabb28171ba775c5859712065bcdb1d3bcc365b,PASS_PEER_REVIEWED,"Local occurrence, relevance, status, and exact-entry integrity confirmed; external metadata provenance is recorded separately.",ARCHIVED_SOURCE_EVIDENCE_AND_LOCAL_CONTEXT_RECHECKED,2026-09-24
54,giacobazzi2010,10.1093/logcom/exp053,A Proof System for Abstract Non-Interference,2010,PEER_REVIEWED_JOURNAL_OR_FORMAL_CONFERENCE_PAPER,TRUE,LIVE_UNIQUE_DOI,NO_CURRENT_NOTICE_FOUND_IN_RECORDED_BOUNDED_CHECK,1,Related Work and Limitations / Abstraction and combinatorial boundaries,Abstract non-interference recasts permitted information release as an abstraction-dependent property.,"abstract interpretation, combinatorics, or complexity boundary",TRUE,64d80cbad4579ccd30dd70b0d4199ddbe00f8ccad3dc18c48f136e022147f81c,PASS_PEER_REVIEWED,"Local occurrence, relevance, status, and exact-entry integrity confirmed; external metadata provenance is recorded separately.",ARCHIVED_SOURCE_EVIDENCE_AND_LOCAL_CONTEXT_RECHECKED,2026-09-24
55,ascari2024,10.1145/3666014,Limits and Difficulties in the Design of Under-Approximation Abstract Domains,2024,PEER_REVIEWED_JOURNAL_OR_FORMAL_CONFERENCE_PAPER,TRUE,LIVE_UNIQUE_DOI,NO_CURRENT_NOTICE_FOUND_IN_RECORDED_BOUNDED_CHECK,1,Related Work and Limitations / Abstraction and combinatorial boundaries,Recent work on under-approximation proves structural limits on nontrivial abstract domains for broad transfer-function families.,"abstract interpretation, combinatorics, or complexity boundary",TRUE,6a94244c4c7d7cfad674b7ac09939d7c61b59a9f04e6b7491f6b636136e0455c,PASS_PEER_REVIEWED,"Local occurrence, relevance, status, and exact-entry integrity confirmed; external metadata provenance is recorded separately.",ARCHIVED_SOURCE_EVIDENCE_AND_LOCAL_CONTEXT_RECHECKED,2026-09-24
56,giacobazzi2024,10.1145/3649309,Adversities in Abstract Interpretation---Accommodating Robustness by Abstract Interpretation,2024,PEER_REVIEWED_JOURNAL_OR_FORMAL_CONFERENCE_PAPER,TRUE,LIVE_UNIQUE_DOI,NO_CURRENT_NOTICE_FOUND_IN_RECORDED_BOUNDED_CHECK,1,Related Work and Limitations / Abstraction and combinatorial boundaries,Recent robustness work uses abstraction to weaken classifier observations and to characterize tolerable perturbations.,"abstract interpretation, combinatorics, or complexity boundary",TRUE,b9a0f4a20aa68d34e08c53787147d6bf251a06625ba0efa0975b6fefbb0abdc6,PASS_PEER_REVIEWED,"Local occurrence, relevance, status, and exact-entry integrity confirmed; external metadata provenance is recorded separately.",ARCHIVED_SOURCE_EVIDENCE_AND_LOCAL_CONTEXT_RECHECKED,2026-09-24
57,shannon1956,10.1109/TIT.1956.1056798,The Zero Error Capacity of a Noisy Channel,1956,PEER_REVIEWED_JOURNAL_OR_FORMAL_CONFERENCE_PAPER,TRUE,LIVE_UNIQUE_DOI,NO_CURRENT_NOTICE_FOUND_IN_RECORDED_BOUNDED_CHECK,1,Capacity under Observational Constraints / Coordinated repetition,Shannon introduced zero-error capacity and showed why repeated coordinated uses can have a rate not visible from a single use.,"abstract interpretation, combinatorics, or complexity boundary",TRUE,d39179ff52c9ac9e6bc94249c5a428b744c579d657b9fbf00014d4bbb303ce1a,PASS_PEER_REVIEWED,"Local occurrence, relevance, status, and exact-entry integrity confirmed; external metadata provenance is recorded separately.",ARCHIVED_SOURCE_EVIDENCE_AND_LOCAL_CONTEXT_RECHECKED,2026-09-24
58,codeip2024,10.18653/v1/2024.findings-emnlp.541,{CodeIP}: A Grammar-Guided Multi-Bit Watermark for Large Language Models of Code,2024,PEER_REVIEWED_JOURNAL_OR_FORMAL_CONFERENCE_PAPER,TRUE,LIVE_UNIQUE_DOI,NO_CURRENT_NOTICE_FOUND_IN_RECORDED_BOUNDED_CHECK,2,Semantic Model / From an implementation to the semantic relations; Related Work and Limitations / Software watermarking mechanisms,"CodeIP uses grammar-guided constrained sampling for a multibit code watermark, supporting sampler access and explicit message-alphabet claims.",watermark mechanism or closest-work comparison,TRUE,cbd53d43d8782333e178b2851759d78b72ce198db3a8497563c3bbd2015f0be6,PASS_PEER_REVIEWED,"Local occurrence, relevance, status, and exact-entry integrity confirmed; external metadata provenance is recorded separately.",ARCHIVED_SOURCE_EVIDENCE_AND_LOCAL_CONTEXT_RECHECKED,2026-09-24
59,stone2026,10.18653/v1/2026.findings-eacl.207,Marking Code Without Breaking It: Code Watermarking for Detecting {LLM}-Generated Code,2026,PEER_REVIEWED_JOURNAL_OR_FORMAL_CONFERENCE_PAPER,TRUE,LIVE_UNIQUE_DOI,NO_CURRENT_NOTICE_FOUND_IN_RECORDED_BOUNDED_CHECK,2,Semantic Model / From an implementation to the semantic relations; Related Work and Limitations / Software watermarking mechanisms,"STONE avoids syntax-critical positions to preserve syntax and functionality while watermarking generated code, supporting source-dependent access restriction.",watermark mechanism or closest-work comparison,TRUE,a1ed7f1f8bba362bd801874131bf49fe2cbe7da2d8ef774656213a74a8fa73ab,PASS_PEER_REVIEWED,"Local occurrence, relevance, status, and exact-entry integrity confirmed; external metadata provenance is recorded separately.",ARCHIVED_SOURCE_EVIDENCE_AND_LOCAL_CONTEXT_RECHECKED,2026-09-24
60,sweet2024,10.18653/v1/2024.acl-long.268,Who Wrote this Code? Watermarking for Code Generation,2024,PEER_REVIEWED_JOURNAL_OR_FORMAL_CONFERENCE_PAPER,TRUE,LIVE_UNIQUE_DOI,NO_CURRENT_NOTICE_FOUND_IN_RECORDED_BOUNDED_CHECK,3,Introduction; Semantic Model / From an implementation to the semantic relations; Related Work and Limitations / Software watermarking mechanisms,SWEET applies a logit bias only at high-entropy generation positions and restricts its detection statistic correspondingly; this is not equivalent to deleting low-entropy tokens from the sampler support.,watermark mechanism or closest-work comparison,TRUE,82ac235c787ece9938b007242f8bc8c2839a4b7f8251be917990a5ee2afacc5e,PASS_PEER_REVIEWED,Entropy gating controls logit perturbations and detection positions. It does not itself delete output tokens. Support equivalence is only inferred for finite logits without truncation.,PRIMARY_SOURCE_RECHECKED,2026-09-24
61,dopsteg2025,10.1016/j.scico.2025.103311,{DopSteg}: Program Steganography Using Data-Oriented Programming,2025,PEER_REVIEWED_JOURNAL_OR_FORMAL_CONFERENCE_PAPER,TRUE,LIVE_UNIQUE_DOI,NO_CURRENT_NOTICE_FOUND_IN_RECORDED_BOUNDED_CHECK,2,Semantic Model / From an implementation to the semantic relations; Related Work and Limitations / Software watermarking mechanisms,"DopSteg uses data-oriented program fragments and constructed branches to embed information, supporting the separation of reachable choices from robustness obligations.",watermark mechanism or closest-work comparison,TRUE,085eb4c8749c24ff73f6d3e06a1a5f3990d4693fb808cf49c981c8df97245c43,PASS_PEER_REVIEWED,"Local occurrence, relevance, status, and exact-entry integrity confirmed; external metadata provenance is recorded separately.",ARCHIVED_SOURCE_EVIDENCE_AND_LOCAL_CONTEXT_RECHECKED,2026-09-24
62,codesensor2025,10.1145/3705300,Distinguishing {LLM}-Generated from Human-Written Code by Contrastive Learning,2025,PEER_REVIEWED_JOURNAL_OR_FORMAL_CONFERENCE_PAPER,TRUE,LIVE_UNIQUE_DOI,NO_CURRENT_NOTICE_FOUND_IN_RECORDED_BOUNDED_CHECK,2,Semantic Model / From an implementation to the semantic relations; Related Work and Limitations / Software watermarking mechanisms,"CodeGPTSensor studies post-hoc discrimination of generated and human-written code, supporting recognition without an owner-controlled insertion relation.",watermark mechanism or closest-work comparison,TRUE,acf89289980a1a41a2c59120f6e3f3a7194a3c748a1fd117cc3b7721450f9a09,PASS_PEER_REVIEWED,"Local occurrence, relevance, status, and exact-entry integrity confirmed; external metadata provenance is recorded separately.",ARCHIVED_SOURCE_EVIDENCE_AND_LOCAL_CONTEXT_RECHECKED,2026-09-24
63,clmtracing2025,10.18653/v1/2025.emnlp-main.1475,{CLMTracing}: Black-Box User-Level Watermarking for Code Language Model Tracing,2025,PEER_REVIEWED_JOURNAL_OR_FORMAL_CONFERENCE_PAPER,TRUE,LIVE_UNIQUE_DOI,NO_CURRENT_NOTICE_FOUND_IN_RECORDED_BOUNDED_CHECK,2,Semantic Model / From an implementation to the semantic relations; Related Work and Limitations / Software watermarking mechanisms,"CLMTracing separates utility-preserving injection from declared removal attacks in black-box user-level tracing, supporting distinct access and attack contracts.",watermark mechanism or closest-work comparison,TRUE,d6d31ac62f340799c34f29dca3d463e5b091e73c70d220dff1658e300a76dd60,PASS_PEER_REVIEWED,"Local occurrence, relevance, status, and exact-entry integrity confirmed; external metadata provenance is recorded separately.",ARCHIVED_SOURCE_EVIDENCE_AND_LOCAL_CONTEXT_RECHECKED,2026-09-24
64,codemark2023,10.1145/3611643.3616297,{CodeMark}: Imperceptible Watermarking for Code Datasets against Neural Code Completion Models,2023,PEER_REVIEWED_JOURNAL_OR_FORMAL_CONFERENCE_PAPER,TRUE,LIVE_UNIQUE_DOI,NO_CURRENT_NOTICE_FOUND_IN_RECORDED_BOUNDED_CHECK,3,Introduction; Semantic Model / From an implementation to the semantic relations; Related Work and Limitations / Software watermarking mechanisms,"CodeMark uses adaptive semantics-preserving transformations and evaluates harmlessness and robustness, supporting its role as a source-indexed transformation example.",watermark mechanism or closest-work comparison,TRUE,1f096ca6ed968ed7b491a6ffd808246e20867ab648f232008a72699699a8937c,PASS_PEER_REVIEWED,Training-code dataset provenance is the evaluated objective; use only as a candidate source-dependent transformation contract.,PRIMARY_SOURCE_RECHECKED,2026-09-24
65,swarl2026,10.48550/arXiv.2601.02602,{SWaRL}: Safeguard Code Watermarking via Reinforcement Learning,2026,SCHOLARLY_PREPRINT_VERSION_CITED,TRUE,LIVE_UNIQUE_ARXIV_DOI,NO_CURRENT_NOTICE_FOUND_IN_RECORDED_BOUNDED_CHECK,1,Related Work and Limitations / Software watermarking mechanisms,"SWaRL jointly trains a code generator and a confidential verifier with compiler feedback, so its evidence concerns learned generation-time fidelity and detection rather than a mechanism-independent existence boundary.",frontier comparison only,TRUE,485cd1220cc4310a25f5a9b96c7fcba8eb9909592fd76cfa544e16d5811e39b8,PASS_STATUS_LABELLED_FRONTIER,Public preprint status retained; no peer-review claim inferred from arXiv.,PRIMARY_SOURCE_RECHECKED,2026-09-24
66,ducodemark2026,10.1145/3797076,{DuCodeMark}: Dual-Purpose Code Dataset Watermarking via Style-Aware Watermark-Poison Design,2026,PEER_REVIEWED_JOURNAL_OR_FORMAL_CONFERENCE_PAPER,TRUE,LIVE_UNIQUE_DOI,NO_CURRENT_NOTICE_FOUND_IN_RECORDED_BOUNDED_CHECK,1,Related Work and Limitations / Software watermarking mechanisms,DuCodeMark combines style-aware code-dataset trigger--target pairs with repressible poisoned features; its dataset/model verification objective differs from a per-source exact semantic channel.,published code-dataset mechanism comparison,TRUE,b366f312c296abc533d235b20bd25f709c3d54cd2297fd89955e9b516a69f310,PASS_PEER_REVIEWED,"Now published in Proceedings of the ACM on Software Engineering 3(FSE), 1059--1081 (2026); replace the preprint-only citation with the formal DOI.",METADATA_RECHECKED,2026-09-24
67,choi2026spread,10.48550/arXiv.2607.06009,Multi-Channel Spread-Spectrum Code Watermarking,2026,SCHOLARLY_PREPRINT_VERSION_CITED,TRUE,LIVE_UNIQUE_ARXIV_DOI,NO_CURRENT_NOTICE_FOUND_IN_RECORDED_BOUNDED_CHECK,1,Related Work and Limitations / Software watermarking mechanisms,"Multi-channel spread-spectrum code watermarking combines naming and syntactic carriers with error correction, but begins from a fixed carrier inventory and attack taxonomy that a semantic instance must separately justify.",frontier comparison only,TRUE,36805fa37cb21949d4c990e7ba606f6d6e8ea4a0aafb101c2706ee330d7cf6e4,PASS_STATUS_LABELLED_FRONTIER,"Public preprint status retained; comparison is about fixed carriers and attacks, not a new general existence theorem.",PRIMARY_SOURCE_RECHECKED,2026-09-24
68,zhang2025disappearing,10.48550/arXiv.2507.05512,Disappearing Ink: Obfuscation Breaks N-Gram Code Watermarks in Theory and Practice,2025,SCHOLARLY_PREPRINT_VERSION_CITED,TRUE,LIVE_UNIQUE_ARXIV_DOI,NO_CURRENT_NOTICE_FOUND_IN_RECORDED_BOUNDED_CHECK,1,Related Work and Limitations / Software watermarking mechanisms,"Under its distribution-consistency assumption, Disappearing Ink models obfuscation as a Markov walk and derives a detector failure rate approaching one minus the false-positive rate; this attack-specific stochastic result is not a universal exact-channel impossibility theorem.",frontier comparison only,TRUE,803042833c2f1102ebbc7b590b0b5db6021a867eab4d96d8e7830b76c582dda5,PASS_STATUS_LABELLED_FRONTIER,Version 2 dated 30 August 2026 adds Mingzhe Li and orders Shiqing Ma before Juan Zhai. Update the citation to this specific version.,PRIMARY_SOURCE_RECHECKED,2026-09-24
