result_id,result_description,value,units,command,environment,input_hashes,raw_output,recheck,status
R001,Behavior partitions enumerated,75,partitions,./run-tests.sh,CPython 3.13.5 standard library; TeX Live 2025/dev where applicable,artifact/src/woc.py=05940feb15aa478f9bc36f8050eab9291130b2fac0f58783a0d8cc489192ed88;artifact/src/run_all.py=a016d98d22bd0a3456aa96398819e97c1aa6eff5b27b5cd8e9c366e9c3eeb6d8;artifact/tests/test_woc.py=920e2a3b1fcd42e1eabcd09dff7017473f2b3d11c256b2eaa3224929f293737a;artifact/tests/test_witness_boundaries.py=e139984e1c127e79c3c771e16c18062c690a15a7d1af039bcbfbc016688da3ff;artifact/tests/test_package_integrity.py=1fdea6630c0f97f7318aa8b2c70ee4ecbed62c0d6bd15e9cc7f10b67001bc06b;artifact/run-tests.sh=3db8b38ee8dfc3a43e49157773f03511daeac09e34cfd450de696e15e7780228;artifact/run-package-checks.sh=57d9e8d34787cf81f7f5dfcebd0996efc21c9ab2363130c3e0981a3c8728d51d;artifact/run-all-checks.sh=d9286e1ca848339df7da5c5fa1b30d8790527a7c4c2736c7deae1c6e922e605d,artifact/raw/results.json,deterministic rerun and independent invariant checks,VERIFIED
R002,Refinement pairs enumerated,434,pairs,./run-tests.sh,CPython 3.13.5 standard library; TeX Live 2025/dev where applicable,artifact/src/woc.py=05940feb15aa478f9bc36f8050eab9291130b2fac0f58783a0d8cc489192ed88;artifact/src/run_all.py=a016d98d22bd0a3456aa96398819e97c1aa6eff5b27b5cd8e9c366e9c3eeb6d8;artifact/tests/test_woc.py=920e2a3b1fcd42e1eabcd09dff7017473f2b3d11c256b2eaa3224929f293737a;artifact/tests/test_witness_boundaries.py=e139984e1c127e79c3c771e16c18062c690a15a7d1af039bcbfbc016688da3ff;artifact/tests/test_package_integrity.py=1fdea6630c0f97f7318aa8b2c70ee4ecbed62c0d6bd15e9cc7f10b67001bc06b;artifact/run-tests.sh=3db8b38ee8dfc3a43e49157773f03511daeac09e34cfd450de696e15e7780228;artifact/run-package-checks.sh=57d9e8d34787cf81f7f5dfcebd0996efc21c9ab2363130c3e0981a3c8728d51d;artifact/run-all-checks.sh=d9286e1ca848339df7da5c5fa1b30d8790527a7c4c2736c7deae1c6e922e605d,artifact/raw/results.json,deterministic rerun and independent invariant checks,VERIFIED
R003,Refinement message instances checked,1943,instances,./run-tests.sh,CPython 3.13.5 standard library; TeX Live 2025/dev where applicable,artifact/src/woc.py=05940feb15aa478f9bc36f8050eab9291130b2fac0f58783a0d8cc489192ed88;artifact/src/run_all.py=a016d98d22bd0a3456aa96398819e97c1aa6eff5b27b5cd8e9c366e9c3eeb6d8;artifact/tests/test_woc.py=920e2a3b1fcd42e1eabcd09dff7017473f2b3d11c256b2eaa3224929f293737a;artifact/tests/test_witness_boundaries.py=e139984e1c127e79c3c771e16c18062c690a15a7d1af039bcbfbc016688da3ff;artifact/tests/test_package_integrity.py=1fdea6630c0f97f7318aa8b2c70ee4ecbed62c0d6bd15e9cc7f10b67001bc06b;artifact/run-tests.sh=3db8b38ee8dfc3a43e49157773f03511daeac09e34cfd450de696e15e7780228;artifact/run-package-checks.sh=57d9e8d34787cf81f7f5dfcebd0996efc21c9ab2363130c3e0981a3c8728d51d;artifact/run-all-checks.sh=d9286e1ca848339df7da5c5fa1b30d8790527a7c4c2736c7deae1c6e922e605d,artifact/raw/results.json,deterministic rerun and independent invariant checks,VERIFIED
R004,Constructive refinement instances,604,instances,./run-tests.sh,CPython 3.13.5 standard library; TeX Live 2025/dev where applicable,artifact/src/woc.py=05940feb15aa478f9bc36f8050eab9291130b2fac0f58783a0d8cc489192ed88;artifact/src/run_all.py=a016d98d22bd0a3456aa96398819e97c1aa6eff5b27b5cd8e9c366e9c3eeb6d8;artifact/tests/test_woc.py=920e2a3b1fcd42e1eabcd09dff7017473f2b3d11c256b2eaa3224929f293737a;artifact/tests/test_witness_boundaries.py=e139984e1c127e79c3c771e16c18062c690a15a7d1af039bcbfbc016688da3ff;artifact/tests/test_package_integrity.py=1fdea6630c0f97f7318aa8b2c70ee4ecbed62c0d6bd15e9cc7f10b67001bc06b;artifact/run-tests.sh=3db8b38ee8dfc3a43e49157773f03511daeac09e34cfd450de696e15e7780228;artifact/run-package-checks.sh=57d9e8d34787cf81f7f5dfcebd0996efc21c9ab2363130c3e0981a3c8728d51d;artifact/run-all-checks.sh=d9286e1ca848339df7da5c5fa1b30d8790527a7c4c2736c7deae1c6e922e605d,artifact/raw/results.json,deterministic rerun and independent invariant checks,VERIFIED
R005,Impossible refinement instances,1339,instances,./run-tests.sh,CPython 3.13.5 standard library; TeX Live 2025/dev where applicable,artifact/src/woc.py=05940feb15aa478f9bc36f8050eab9291130b2fac0f58783a0d8cc489192ed88;artifact/src/run_all.py=a016d98d22bd0a3456aa96398819e97c1aa6eff5b27b5cd8e9c366e9c3eeb6d8;artifact/tests/test_woc.py=920e2a3b1fcd42e1eabcd09dff7017473f2b3d11c256b2eaa3224929f293737a;artifact/tests/test_witness_boundaries.py=e139984e1c127e79c3c771e16c18062c690a15a7d1af039bcbfbc016688da3ff;artifact/tests/test_package_integrity.py=1fdea6630c0f97f7318aa8b2c70ee4ecbed62c0d6bd15e9cc7f10b67001bc06b;artifact/run-tests.sh=3db8b38ee8dfc3a43e49157773f03511daeac09e34cfd450de696e15e7780228;artifact/run-package-checks.sh=57d9e8d34787cf81f7f5dfcebd0996efc21c9ab2363130c3e0981a3c8728d51d;artifact/run-all-checks.sh=d9286e1ca848339df7da5c5fa1b30d8790527a7c4c2736c7deae1c6e922e605d,artifact/raw/results.json,deterministic rerun and independent invariant checks,VERIFIED
R006,Ordered behavior-operation partition pairs,2959,pairs,./run-tests.sh,CPython 3.13.5 standard library; TeX Live 2025/dev where applicable,artifact/src/woc.py=05940feb15aa478f9bc36f8050eab9291130b2fac0f58783a0d8cc489192ed88;artifact/src/run_all.py=a016d98d22bd0a3456aa96398819e97c1aa6eff5b27b5cd8e9c366e9c3eeb6d8;artifact/tests/test_woc.py=920e2a3b1fcd42e1eabcd09dff7017473f2b3d11c256b2eaa3224929f293737a;artifact/tests/test_witness_boundaries.py=e139984e1c127e79c3c771e16c18062c690a15a7d1af039bcbfbc016688da3ff;artifact/tests/test_package_integrity.py=1fdea6630c0f97f7318aa8b2c70ee4ecbed62c0d6bd15e9cc7f10b67001bc06b;artifact/run-tests.sh=3db8b38ee8dfc3a43e49157773f03511daeac09e34cfd450de696e15e7780228;artifact/run-package-checks.sh=57d9e8d34787cf81f7f5dfcebd0996efc21c9ab2363130c3e0981a3c8728d51d;artifact/run-all-checks.sh=d9286e1ca848339df7da5c5fa1b30d8790527a7c4c2736c7deae1c6e922e605d,artifact/raw/results.json,deterministic rerun and independent invariant checks,VERIFIED
R007,General message instances checked,11423,instances,./run-tests.sh,CPython 3.13.5 standard library; TeX Live 2025/dev where applicable,artifact/src/woc.py=05940feb15aa478f9bc36f8050eab9291130b2fac0f58783a0d8cc489192ed88;artifact/src/run_all.py=a016d98d22bd0a3456aa96398819e97c1aa6eff5b27b5cd8e9c366e9c3eeb6d8;artifact/tests/test_woc.py=920e2a3b1fcd42e1eabcd09dff7017473f2b3d11c256b2eaa3224929f293737a;artifact/tests/test_witness_boundaries.py=e139984e1c127e79c3c771e16c18062c690a15a7d1af039bcbfbc016688da3ff;artifact/tests/test_package_integrity.py=1fdea6630c0f97f7318aa8b2c70ee4ecbed62c0d6bd15e9cc7f10b67001bc06b;artifact/run-tests.sh=3db8b38ee8dfc3a43e49157773f03511daeac09e34cfd450de696e15e7780228;artifact/run-package-checks.sh=57d9e8d34787cf81f7f5dfcebd0996efc21c9ab2363130c3e0981a3c8728d51d;artifact/run-all-checks.sh=d9286e1ca848339df7da5c5fa1b30d8790527a7c4c2736c7deae1c6e922e605d,artifact/raw/results.json,deterministic rerun and independent invariant checks,VERIFIED
R008,General direct-oracle agreements,11423,agreements,./run-tests.sh,CPython 3.13.5 standard library; TeX Live 2025/dev where applicable,artifact/src/woc.py=05940feb15aa478f9bc36f8050eab9291130b2fac0f58783a0d8cc489192ed88;artifact/src/run_all.py=a016d98d22bd0a3456aa96398819e97c1aa6eff5b27b5cd8e9c366e9c3eeb6d8;artifact/tests/test_woc.py=920e2a3b1fcd42e1eabcd09dff7017473f2b3d11c256b2eaa3224929f293737a;artifact/tests/test_witness_boundaries.py=e139984e1c127e79c3c771e16c18062c690a15a7d1af039bcbfbc016688da3ff;artifact/tests/test_package_integrity.py=1fdea6630c0f97f7318aa8b2c70ee4ecbed62c0d6bd15e9cc7f10b67001bc06b;artifact/run-tests.sh=3db8b38ee8dfc3a43e49157773f03511daeac09e34cfd450de696e15e7780228;artifact/run-package-checks.sh=57d9e8d34787cf81f7f5dfcebd0996efc21c9ab2363130c3e0981a3c8728d51d;artifact/run-all-checks.sh=d9286e1ca848339df7da5c5fa1b30d8790527a7c4c2736c7deae1c6e922e605d,artifact/raw/results.json,deterministic rerun and independent invariant checks,VERIFIED
R009,Feasible general instances,3447,instances,./run-tests.sh,CPython 3.13.5 standard library; TeX Live 2025/dev where applicable,artifact/src/woc.py=05940feb15aa478f9bc36f8050eab9291130b2fac0f58783a0d8cc489192ed88;artifact/src/run_all.py=a016d98d22bd0a3456aa96398819e97c1aa6eff5b27b5cd8e9c366e9c3eeb6d8;artifact/tests/test_woc.py=920e2a3b1fcd42e1eabcd09dff7017473f2b3d11c256b2eaa3224929f293737a;artifact/tests/test_witness_boundaries.py=e139984e1c127e79c3c771e16c18062c690a15a7d1af039bcbfbc016688da3ff;artifact/tests/test_package_integrity.py=1fdea6630c0f97f7318aa8b2c70ee4ecbed62c0d6bd15e9cc7f10b67001bc06b;artifact/run-tests.sh=3db8b38ee8dfc3a43e49157773f03511daeac09e34cfd450de696e15e7780228;artifact/run-package-checks.sh=57d9e8d34787cf81f7f5dfcebd0996efc21c9ab2363130c3e0981a3c8728d51d;artifact/run-all-checks.sh=d9286e1ca848339df7da5c5fa1b30d8790527a7c4c2736c7deae1c6e922e605d,artifact/raw/results.json,deterministic rerun and independent invariant checks,VERIFIED
R010,Infeasible general instances,7976,instances,./run-tests.sh,CPython 3.13.5 standard library; TeX Live 2025/dev where applicable,artifact/src/woc.py=05940feb15aa478f9bc36f8050eab9291130b2fac0f58783a0d8cc489192ed88;artifact/src/run_all.py=a016d98d22bd0a3456aa96398819e97c1aa6eff5b27b5cd8e9c366e9c3eeb6d8;artifact/tests/test_woc.py=920e2a3b1fcd42e1eabcd09dff7017473f2b3d11c256b2eaa3224929f293737a;artifact/tests/test_witness_boundaries.py=e139984e1c127e79c3c771e16c18062c690a15a7d1af039bcbfbc016688da3ff;artifact/tests/test_package_integrity.py=1fdea6630c0f97f7318aa8b2c70ee4ecbed62c0d6bd15e9cc7f10b67001bc06b;artifact/run-tests.sh=3db8b38ee8dfc3a43e49157773f03511daeac09e34cfd450de696e15e7780228;artifact/run-package-checks.sh=57d9e8d34787cf81f7f5dfcebd0996efc21c9ab2363130c3e0981a3c8728d51d;artifact/run-all-checks.sh=d9286e1ca848339df7da5c5fa1b30d8790527a7c4c2736c7deae1c6e922e605d,artifact/raw/results.json,deterministic rerun and independent invariant checks,VERIFIED
R011,Operational-order comparisons,19583,comparisons,./run-tests.sh,CPython 3.13.5 standard library; TeX Live 2025/dev where applicable,artifact/src/woc.py=05940feb15aa478f9bc36f8050eab9291130b2fac0f58783a0d8cc489192ed88;artifact/src/run_all.py=a016d98d22bd0a3456aa96398819e97c1aa6eff5b27b5cd8e9c366e9c3eeb6d8;artifact/tests/test_woc.py=920e2a3b1fcd42e1eabcd09dff7017473f2b3d11c256b2eaa3224929f293737a;artifact/tests/test_witness_boundaries.py=e139984e1c127e79c3c771e16c18062c690a15a7d1af039bcbfbc016688da3ff;artifact/tests/test_package_integrity.py=1fdea6630c0f97f7318aa8b2c70ee4ecbed62c0d6bd15e9cc7f10b67001bc06b;artifact/run-tests.sh=3db8b38ee8dfc3a43e49157773f03511daeac09e34cfd450de696e15e7780228;artifact/run-package-checks.sh=57d9e8d34787cf81f7f5dfcebd0996efc21c9ab2363130c3e0981a3c8728d51d;artifact/run-all-checks.sh=d9286e1ca848339df7da5c5fa1b30d8790527a7c4c2736c7deae1c6e922e605d,artifact/raw/results.json,deterministic rerun and independent invariant checks,VERIFIED
R012,Behavior-order comparisons,19583,comparisons,./run-tests.sh,CPython 3.13.5 standard library; TeX Live 2025/dev where applicable,artifact/src/woc.py=05940feb15aa478f9bc36f8050eab9291130b2fac0f58783a0d8cc489192ed88;artifact/src/run_all.py=a016d98d22bd0a3456aa96398819e97c1aa6eff5b27b5cd8e9c366e9c3eeb6d8;artifact/tests/test_woc.py=920e2a3b1fcd42e1eabcd09dff7017473f2b3d11c256b2eaa3224929f293737a;artifact/tests/test_witness_boundaries.py=e139984e1c127e79c3c771e16c18062c690a15a7d1af039bcbfbc016688da3ff;artifact/tests/test_package_integrity.py=1fdea6630c0f97f7318aa8b2c70ee4ecbed62c0d6bd15e9cc7f10b67001bc06b;artifact/run-tests.sh=3db8b38ee8dfc3a43e49157773f03511daeac09e34cfd450de696e15e7780228;artifact/run-package-checks.sh=57d9e8d34787cf81f7f5dfcebd0996efc21c9ab2363130c3e0981a3c8728d51d;artifact/run-all-checks.sh=d9286e1ca848339df7da5c5fa1b30d8790527a7c4c2736c7deae1c6e922e605d,artifact/raw/results.json,deterministic rerun and independent invariant checks,VERIFIED
R013,Reflexive access relations enumerated,12866,relations,./run-tests.sh,CPython 3.13.5 standard library; TeX Live 2025/dev where applicable,artifact/src/woc.py=05940feb15aa478f9bc36f8050eab9291130b2fac0f58783a0d8cc489192ed88;artifact/src/run_all.py=a016d98d22bd0a3456aa96398819e97c1aa6eff5b27b5cd8e9c366e9c3eeb6d8;artifact/tests/test_woc.py=920e2a3b1fcd42e1eabcd09dff7017473f2b3d11c256b2eaa3224929f293737a;artifact/tests/test_witness_boundaries.py=e139984e1c127e79c3c771e16c18062c690a15a7d1af039bcbfbc016688da3ff;artifact/tests/test_package_integrity.py=1fdea6630c0f97f7318aa8b2c70ee4ecbed62c0d6bd15e9cc7f10b67001bc06b;artifact/run-tests.sh=3db8b38ee8dfc3a43e49157773f03511daeac09e34cfd450de696e15e7780228;artifact/run-package-checks.sh=57d9e8d34787cf81f7f5dfcebd0996efc21c9ab2363130c3e0981a3c8728d51d;artifact/run-all-checks.sh=d9286e1ca848339df7da5c5fa1b30d8790527a7c4c2736c7deae1c6e922e605d,artifact/raw/results.json,deterministic rerun and independent invariant checks,VERIFIED
R014,Access message instances checked,38564,instances,./run-tests.sh,CPython 3.13.5 standard library; TeX Live 2025/dev where applicable,artifact/src/woc.py=05940feb15aa478f9bc36f8050eab9291130b2fac0f58783a0d8cc489192ed88;artifact/src/run_all.py=a016d98d22bd0a3456aa96398819e97c1aa6eff5b27b5cd8e9c366e9c3eeb6d8;artifact/tests/test_woc.py=920e2a3b1fcd42e1eabcd09dff7017473f2b3d11c256b2eaa3224929f293737a;artifact/tests/test_witness_boundaries.py=e139984e1c127e79c3c771e16c18062c690a15a7d1af039bcbfbc016688da3ff;artifact/tests/test_package_integrity.py=1fdea6630c0f97f7318aa8b2c70ee4ecbed62c0d6bd15e9cc7f10b67001bc06b;artifact/run-tests.sh=3db8b38ee8dfc3a43e49157773f03511daeac09e34cfd450de696e15e7780228;artifact/run-package-checks.sh=57d9e8d34787cf81f7f5dfcebd0996efc21c9ab2363130c3e0981a3c8728d51d;artifact/run-all-checks.sh=d9286e1ca848339df7da5c5fa1b30d8790527a7c4c2736c7deae1c6e922e605d,artifact/raw/results.json,deterministic rerun and independent invariant checks,VERIFIED
R015,Access direct-oracle agreements,38564,agreements,./run-tests.sh,CPython 3.13.5 standard library; TeX Live 2025/dev where applicable,artifact/src/woc.py=05940feb15aa478f9bc36f8050eab9291130b2fac0f58783a0d8cc489192ed88;artifact/src/run_all.py=a016d98d22bd0a3456aa96398819e97c1aa6eff5b27b5cd8e9c366e9c3eeb6d8;artifact/tests/test_woc.py=920e2a3b1fcd42e1eabcd09dff7017473f2b3d11c256b2eaa3224929f293737a;artifact/tests/test_witness_boundaries.py=e139984e1c127e79c3c771e16c18062c690a15a7d1af039bcbfbc016688da3ff;artifact/tests/test_package_integrity.py=1fdea6630c0f97f7318aa8b2c70ee4ecbed62c0d6bd15e9cc7f10b67001bc06b;artifact/run-tests.sh=3db8b38ee8dfc3a43e49157773f03511daeac09e34cfd450de696e15e7780228;artifact/run-package-checks.sh=57d9e8d34787cf81f7f5dfcebd0996efc21c9ab2363130c3e0981a3c8728d51d;artifact/run-all-checks.sh=d9286e1ca848339df7da5c5fa1b30d8790527a7c4c2736c7deae1c6e922e605d,artifact/raw/results.json,deterministic rerun and independent invariant checks,VERIFIED
R016,Feasible access instances,4363,instances,./run-tests.sh,CPython 3.13.5 standard library; TeX Live 2025/dev where applicable,artifact/src/woc.py=05940feb15aa478f9bc36f8050eab9291130b2fac0f58783a0d8cc489192ed88;artifact/src/run_all.py=a016d98d22bd0a3456aa96398819e97c1aa6eff5b27b5cd8e9c366e9c3eeb6d8;artifact/tests/test_woc.py=920e2a3b1fcd42e1eabcd09dff7017473f2b3d11c256b2eaa3224929f293737a;artifact/tests/test_witness_boundaries.py=e139984e1c127e79c3c771e16c18062c690a15a7d1af039bcbfbc016688da3ff;artifact/tests/test_package_integrity.py=1fdea6630c0f97f7318aa8b2c70ee4ecbed62c0d6bd15e9cc7f10b67001bc06b;artifact/run-tests.sh=3db8b38ee8dfc3a43e49157773f03511daeac09e34cfd450de696e15e7780228;artifact/run-package-checks.sh=57d9e8d34787cf81f7f5dfcebd0996efc21c9ab2363130c3e0981a3c8728d51d;artifact/run-all-checks.sh=d9286e1ca848339df7da5c5fa1b30d8790527a7c4c2736c7deae1c6e922e605d,artifact/raw/results.json,deterministic rerun and independent invariant checks,VERIFIED
R017,Infeasible access instances,34201,instances,./run-tests.sh,CPython 3.13.5 standard library; TeX Live 2025/dev where applicable,artifact/src/woc.py=05940feb15aa478f9bc36f8050eab9291130b2fac0f58783a0d8cc489192ed88;artifact/src/run_all.py=a016d98d22bd0a3456aa96398819e97c1aa6eff5b27b5cd8e9c366e9c3eeb6d8;artifact/tests/test_woc.py=920e2a3b1fcd42e1eabcd09dff7017473f2b3d11c256b2eaa3224929f293737a;artifact/tests/test_witness_boundaries.py=e139984e1c127e79c3c771e16c18062c690a15a7d1af039bcbfbc016688da3ff;artifact/tests/test_package_integrity.py=1fdea6630c0f97f7318aa8b2c70ee4ecbed62c0d6bd15e9cc7f10b67001bc06b;artifact/run-tests.sh=3db8b38ee8dfc3a43e49157773f03511daeac09e34cfd450de696e15e7780228;artifact/run-package-checks.sh=57d9e8d34787cf81f7f5dfcebd0996efc21c9ab2363130c3e0981a3c8728d51d;artifact/run-all-checks.sh=d9286e1ca848339df7da5c5fa1b30d8790527a7c4c2736c7deae1c6e922e605d,artifact/raw/results.json,deterministic rerun and independent invariant checks,VERIFIED
R018,Access-inclusion comparisons,492402,comparisons,./run-tests.sh,CPython 3.13.5 standard library; TeX Live 2025/dev where applicable,artifact/src/woc.py=05940feb15aa478f9bc36f8050eab9291130b2fac0f58783a0d8cc489192ed88;artifact/src/run_all.py=a016d98d22bd0a3456aa96398819e97c1aa6eff5b27b5cd8e9c366e9c3eeb6d8;artifact/tests/test_woc.py=920e2a3b1fcd42e1eabcd09dff7017473f2b3d11c256b2eaa3224929f293737a;artifact/tests/test_witness_boundaries.py=e139984e1c127e79c3c771e16c18062c690a15a7d1af039bcbfbc016688da3ff;artifact/tests/test_package_integrity.py=1fdea6630c0f97f7318aa8b2c70ee4ecbed62c0d6bd15e9cc7f10b67001bc06b;artifact/run-tests.sh=3db8b38ee8dfc3a43e49157773f03511daeac09e34cfd450de696e15e7780228;artifact/run-package-checks.sh=57d9e8d34787cf81f7f5dfcebd0996efc21c9ab2363130c3e0981a3c8728d51d;artifact/run-all-checks.sh=d9286e1ca848339df7da5c5fa1b30d8790527a7c4c2736c7deae1c6e922e605d,artifact/raw/results.json,deterministic rerun and independent invariant checks,VERIFIED
R019,Correlated heterogeneous-budget recovery instances,54,instances,./run-tests.sh,CPython 3.13.5 standard library; TeX Live 2025/dev where applicable,artifact/src/woc.py=05940feb15aa478f9bc36f8050eab9291130b2fac0f58783a0d8cc489192ed88;artifact/src/run_all.py=a016d98d22bd0a3456aa96398819e97c1aa6eff5b27b5cd8e9c366e9c3eeb6d8;artifact/tests/test_woc.py=920e2a3b1fcd42e1eabcd09dff7017473f2b3d11c256b2eaa3224929f293737a;artifact/tests/test_witness_boundaries.py=e139984e1c127e79c3c771e16c18062c690a15a7d1af039bcbfbc016688da3ff;artifact/tests/test_package_integrity.py=1fdea6630c0f97f7318aa8b2c70ee4ecbed62c0d6bd15e9cc7f10b67001bc06b;artifact/run-tests.sh=3db8b38ee8dfc3a43e49157773f03511daeac09e34cfd450de696e15e7780228;artifact/run-package-checks.sh=57d9e8d34787cf81f7f5dfcebd0996efc21c9ab2363130c3e0981a3c8728d51d;artifact/run-all-checks.sh=d9286e1ca848339df7da5c5fa1b30d8790527a7c4c2736c7deae1c6e922e605d,artifact/raw/results.json,deterministic rerun and independent invariant checks,VERIFIED
R020,Program-level list-recovery oracle agreements,54,agreements,./run-tests.sh,CPython 3.13.5 standard library; TeX Live 2025/dev where applicable,artifact/src/woc.py=05940feb15aa478f9bc36f8050eab9291130b2fac0f58783a0d8cc489192ed88;artifact/src/run_all.py=a016d98d22bd0a3456aa96398819e97c1aa6eff5b27b5cd8e9c366e9c3eeb6d8;artifact/tests/test_woc.py=920e2a3b1fcd42e1eabcd09dff7017473f2b3d11c256b2eaa3224929f293737a;artifact/tests/test_witness_boundaries.py=e139984e1c127e79c3c771e16c18062c690a15a7d1af039bcbfbc016688da3ff;artifact/tests/test_package_integrity.py=1fdea6630c0f97f7318aa8b2c70ee4ecbed62c0d6bd15e9cc7f10b67001bc06b;artifact/run-tests.sh=3db8b38ee8dfc3a43e49157773f03511daeac09e34cfd450de696e15e7780228;artifact/run-package-checks.sh=57d9e8d34787cf81f7f5dfcebd0996efc21c9ab2363130c3e0981a3c8728d51d;artifact/run-all-checks.sh=d9286e1ca848339df7da5c5fa1b30d8790527a7c4c2736c7deae1c6e922e605d,artifact/raw/results.json,deterministic rerun and independent invariant checks,VERIFIED
R021,Triangle average unit-list recovery,5/6,probability,./run-tests.sh,CPython 3.13.5 standard library; TeX Live 2025/dev where applicable,artifact/src/woc.py=05940feb15aa478f9bc36f8050eab9291130b2fac0f58783a0d8cc489192ed88;artifact/src/run_all.py=a016d98d22bd0a3456aa96398819e97c1aa6eff5b27b5cd8e9c366e9c3eeb6d8;artifact/tests/test_woc.py=920e2a3b1fcd42e1eabcd09dff7017473f2b3d11c256b2eaa3224929f293737a;artifact/tests/test_witness_boundaries.py=e139984e1c127e79c3c771e16c18062c690a15a7d1af039bcbfbc016688da3ff;artifact/tests/test_package_integrity.py=1fdea6630c0f97f7318aa8b2c70ee4ecbed62c0d6bd15e9cc7f10b67001bc06b;artifact/run-tests.sh=3db8b38ee8dfc3a43e49157773f03511daeac09e34cfd450de696e15e7780228;artifact/run-package-checks.sh=57d9e8d34787cf81f7f5dfcebd0996efc21c9ab2363130c3e0981a3c8728d51d;artifact/run-all-checks.sh=d9286e1ca848339df7da5c5fa1b30d8790527a7c4c2736c7deae1c6e922e605d,artifact/raw/results.json,deterministic rerun and independent invariant checks,VERIFIED
R022,Triangle worst-source deterministic recovery,1/2,probability,./run-tests.sh,CPython 3.13.5 standard library; TeX Live 2025/dev where applicable,artifact/src/woc.py=05940feb15aa478f9bc36f8050eab9291130b2fac0f58783a0d8cc489192ed88;artifact/src/run_all.py=a016d98d22bd0a3456aa96398819e97c1aa6eff5b27b5cd8e9c366e9c3eeb6d8;artifact/tests/test_woc.py=920e2a3b1fcd42e1eabcd09dff7017473f2b3d11c256b2eaa3224929f293737a;artifact/tests/test_witness_boundaries.py=e139984e1c127e79c3c771e16c18062c690a15a7d1af039bcbfbc016688da3ff;artifact/tests/test_package_integrity.py=1fdea6630c0f97f7318aa8b2c70ee4ecbed62c0d6bd15e9cc7f10b67001bc06b;artifact/run-tests.sh=3db8b38ee8dfc3a43e49157773f03511daeac09e34cfd450de696e15e7780228;artifact/run-package-checks.sh=57d9e8d34787cf81f7f5dfcebd0996efc21c9ab2363130c3e0981a3c8728d51d;artifact/run-all-checks.sh=d9286e1ca848339df7da5c5fa1b30d8790527a7c4c2736c7deae1c6e922e605d,artifact/raw/results.json,deterministic rerun and independent invariant checks,VERIFIED
R023,Triangle worst-source private-coin recovery,3/4,probability,./run-tests.sh,CPython 3.13.5 standard library; TeX Live 2025/dev where applicable,artifact/src/woc.py=05940feb15aa478f9bc36f8050eab9291130b2fac0f58783a0d8cc489192ed88;artifact/src/run_all.py=a016d98d22bd0a3456aa96398819e97c1aa6eff5b27b5cd8e9c366e9c3eeb6d8;artifact/tests/test_woc.py=920e2a3b1fcd42e1eabcd09dff7017473f2b3d11c256b2eaa3224929f293737a;artifact/tests/test_witness_boundaries.py=e139984e1c127e79c3c771e16c18062c690a15a7d1af039bcbfbc016688da3ff;artifact/tests/test_package_integrity.py=1fdea6630c0f97f7318aa8b2c70ee4ecbed62c0d6bd15e9cc7f10b67001bc06b;artifact/run-tests.sh=3db8b38ee8dfc3a43e49157773f03511daeac09e34cfd450de696e15e7780228;artifact/run-package-checks.sh=57d9e8d34787cf81f7f5dfcebd0996efc21c9ab2363130c3e0981a3c8728d51d;artifact/run-all-checks.sh=d9286e1ca848339df7da5c5fa1b30d8790527a7c4c2736c7deae1c6e922e605d,artifact/raw/results.json,deterministic rerun and independent invariant checks,VERIFIED
R024,Triangle worst-source shared-coin primal,5/6,probability,./run-tests.sh,CPython 3.13.5 standard library; TeX Live 2025/dev where applicable,artifact/src/woc.py=05940feb15aa478f9bc36f8050eab9291130b2fac0f58783a0d8cc489192ed88;artifact/src/run_all.py=a016d98d22bd0a3456aa96398819e97c1aa6eff5b27b5cd8e9c366e9c3eeb6d8;artifact/tests/test_woc.py=920e2a3b1fcd42e1eabcd09dff7017473f2b3d11c256b2eaa3224929f293737a;artifact/tests/test_witness_boundaries.py=e139984e1c127e79c3c771e16c18062c690a15a7d1af039bcbfbc016688da3ff;artifact/tests/test_package_integrity.py=1fdea6630c0f97f7318aa8b2c70ee4ecbed62c0d6bd15e9cc7f10b67001bc06b;artifact/run-tests.sh=3db8b38ee8dfc3a43e49157773f03511daeac09e34cfd450de696e15e7780228;artifact/run-package-checks.sh=57d9e8d34787cf81f7f5dfcebd0996efc21c9ab2363130c3e0981a3c8728d51d;artifact/run-all-checks.sh=d9286e1ca848339df7da5c5fa1b30d8790527a7c4c2736c7deae1c6e922e605d,artifact/raw/results.json,deterministic rerun and independent invariant checks,VERIFIED
R025,Triangle worst-source shared-coin dual,5/6,probability,./run-tests.sh,CPython 3.13.5 standard library; TeX Live 2025/dev where applicable,artifact/src/woc.py=05940feb15aa478f9bc36f8050eab9291130b2fac0f58783a0d8cc489192ed88;artifact/src/run_all.py=a016d98d22bd0a3456aa96398819e97c1aa6eff5b27b5cd8e9c366e9c3eeb6d8;artifact/tests/test_woc.py=920e2a3b1fcd42e1eabcd09dff7017473f2b3d11c256b2eaa3224929f293737a;artifact/tests/test_witness_boundaries.py=e139984e1c127e79c3c771e16c18062c690a15a7d1af039bcbfbc016688da3ff;artifact/tests/test_package_integrity.py=1fdea6630c0f97f7318aa8b2c70ee4ecbed62c0d6bd15e9cc7f10b67001bc06b;artifact/run-tests.sh=3db8b38ee8dfc3a43e49157773f03511daeac09e34cfd450de696e15e7780228;artifact/run-package-checks.sh=57d9e8d34787cf81f7f5dfcebd0996efc21c9ab2363130c3e0981a3c8728d51d;artifact/run-all-checks.sh=d9286e1ca848339df7da5c5fa1b30d8790527a7c4c2736c7deae1c6e922e605d,artifact/raw/results.json,deterministic rerun and independent invariant checks,VERIFIED
R026,Triangle one-shot polychromatic capacity,1,messages,./run-tests.sh,CPython 3.13.5 standard library; TeX Live 2025/dev where applicable,artifact/src/woc.py=05940feb15aa478f9bc36f8050eab9291130b2fac0f58783a0d8cc489192ed88;artifact/src/run_all.py=a016d98d22bd0a3456aa96398819e97c1aa6eff5b27b5cd8e9c366e9c3eeb6d8;artifact/tests/test_woc.py=920e2a3b1fcd42e1eabcd09dff7017473f2b3d11c256b2eaa3224929f293737a;artifact/tests/test_witness_boundaries.py=e139984e1c127e79c3c771e16c18062c690a15a7d1af039bcbfbc016688da3ff;artifact/tests/test_package_integrity.py=1fdea6630c0f97f7318aa8b2c70ee4ecbed62c0d6bd15e9cc7f10b67001bc06b;artifact/run-tests.sh=3db8b38ee8dfc3a43e49157773f03511daeac09e34cfd450de696e15e7780228;artifact/run-package-checks.sh=57d9e8d34787cf81f7f5dfcebd0996efc21c9ab2363130c3e0981a3c8728d51d;artifact/run-all-checks.sh=d9286e1ca848339df7da5c5fa1b30d8790527a7c4c2736c7deae1c6e922e605d,artifact/raw/results.json,deterministic rerun and independent invariant checks,VERIFIED
R027,Triangle-square exact capacity,3,messages,./run-tests.sh,CPython 3.13.5 standard library; TeX Live 2025/dev where applicable,artifact/src/woc.py=05940feb15aa478f9bc36f8050eab9291130b2fac0f58783a0d8cc489192ed88;artifact/src/run_all.py=a016d98d22bd0a3456aa96398819e97c1aa6eff5b27b5cd8e9c366e9c3eeb6d8;artifact/tests/test_woc.py=920e2a3b1fcd42e1eabcd09dff7017473f2b3d11c256b2eaa3224929f293737a;artifact/tests/test_witness_boundaries.py=e139984e1c127e79c3c771e16c18062c690a15a7d1af039bcbfbc016688da3ff;artifact/tests/test_package_integrity.py=1fdea6630c0f97f7318aa8b2c70ee4ecbed62c0d6bd15e9cc7f10b67001bc06b;artifact/run-tests.sh=3db8b38ee8dfc3a43e49157773f03511daeac09e34cfd450de696e15e7780228;artifact/run-package-checks.sh=57d9e8d34787cf81f7f5dfcebd0996efc21c9ab2363130c3e0981a3c8728d51d;artifact/run-all-checks.sh=d9286e1ca848339df7da5c5fa1b30d8790527a7c4c2736c7deae1c6e922e605d,artifact/raw/results.json,deterministic rerun and independent invariant checks,VERIFIED
R028,Triangle-square transversal upper bound,3,messages,./run-tests.sh,CPython 3.13.5 standard library; TeX Live 2025/dev where applicable,artifact/src/woc.py=05940feb15aa478f9bc36f8050eab9291130b2fac0f58783a0d8cc489192ed88;artifact/src/run_all.py=a016d98d22bd0a3456aa96398819e97c1aa6eff5b27b5cd8e9c366e9c3eeb6d8;artifact/tests/test_woc.py=920e2a3b1fcd42e1eabcd09dff7017473f2b3d11c256b2eaa3224929f293737a;artifact/tests/test_witness_boundaries.py=e139984e1c127e79c3c771e16c18062c690a15a7d1af039bcbfbc016688da3ff;artifact/tests/test_package_integrity.py=1fdea6630c0f97f7318aa8b2c70ee4ecbed62c0d6bd15e9cc7f10b67001bc06b;artifact/run-tests.sh=3db8b38ee8dfc3a43e49157773f03511daeac09e34cfd450de696e15e7780228;artifact/run-package-checks.sh=57d9e8d34787cf81f7f5dfcebd0996efc21c9ab2363130c3e0981a3c8728d51d;artifact/run-all-checks.sh=d9286e1ca848339df7da5c5fa1b30d8790527a7c4c2736c7deae1c6e922e605d,artifact/raw/results.json,deterministic rerun and independent invariant checks,VERIFIED
R029,Triangle fourth-power constructed messages,9,messages,./run-tests.sh,CPython 3.13.5 standard library; TeX Live 2025/dev where applicable,artifact/src/woc.py=05940feb15aa478f9bc36f8050eab9291130b2fac0f58783a0d8cc489192ed88;artifact/src/run_all.py=a016d98d22bd0a3456aa96398819e97c1aa6eff5b27b5cd8e9c366e9c3eeb6d8;artifact/tests/test_woc.py=920e2a3b1fcd42e1eabcd09dff7017473f2b3d11c256b2eaa3224929f293737a;artifact/tests/test_witness_boundaries.py=e139984e1c127e79c3c771e16c18062c690a15a7d1af039bcbfbc016688da3ff;artifact/tests/test_package_integrity.py=1fdea6630c0f97f7318aa8b2c70ee4ecbed62c0d6bd15e9cc7f10b67001bc06b;artifact/run-tests.sh=3db8b38ee8dfc3a43e49157773f03511daeac09e34cfd450de696e15e7780228;artifact/run-package-checks.sh=57d9e8d34787cf81f7f5dfcebd0996efc21c9ab2363130c3e0981a3c8728d51d;artifact/run-all-checks.sh=d9286e1ca848339df7da5c5fa1b30d8790527a7c4c2736c7deae1c6e922e605d,artifact/raw/results.json,deterministic rerun and independent invariant checks,VERIFIED
R030,Triangle fourth-power vertices,81,vertices,./run-tests.sh,CPython 3.13.5 standard library; TeX Live 2025/dev where applicable,artifact/src/woc.py=05940feb15aa478f9bc36f8050eab9291130b2fac0f58783a0d8cc489192ed88;artifact/src/run_all.py=a016d98d22bd0a3456aa96398819e97c1aa6eff5b27b5cd8e9c366e9c3eeb6d8;artifact/tests/test_woc.py=920e2a3b1fcd42e1eabcd09dff7017473f2b3d11c256b2eaa3224929f293737a;artifact/tests/test_witness_boundaries.py=e139984e1c127e79c3c771e16c18062c690a15a7d1af039bcbfbc016688da3ff;artifact/tests/test_package_integrity.py=1fdea6630c0f97f7318aa8b2c70ee4ecbed62c0d6bd15e9cc7f10b67001bc06b;artifact/run-tests.sh=3db8b38ee8dfc3a43e49157773f03511daeac09e34cfd450de696e15e7780228;artifact/run-package-checks.sh=57d9e8d34787cf81f7f5dfcebd0996efc21c9ab2363130c3e0981a3c8728d51d;artifact/run-all-checks.sh=d9286e1ca848339df7da5c5fa1b30d8790527a7c4c2736c7deae1c6e922e605d,artifact/raw/results.json,deterministic rerun and independent invariant checks,VERIFIED
R031,Triangle fourth-power edges,81,edges,./run-tests.sh,CPython 3.13.5 standard library; TeX Live 2025/dev where applicable,artifact/src/woc.py=05940feb15aa478f9bc36f8050eab9291130b2fac0f58783a0d8cc489192ed88;artifact/src/run_all.py=a016d98d22bd0a3456aa96398819e97c1aa6eff5b27b5cd8e9c366e9c3eeb6d8;artifact/tests/test_woc.py=920e2a3b1fcd42e1eabcd09dff7017473f2b3d11c256b2eaa3224929f293737a;artifact/tests/test_witness_boundaries.py=e139984e1c127e79c3c771e16c18062c690a15a7d1af039bcbfbc016688da3ff;artifact/tests/test_package_integrity.py=1fdea6630c0f97f7318aa8b2c70ee4ecbed62c0d6bd15e9cc7f10b67001bc06b;artifact/run-tests.sh=3db8b38ee8dfc3a43e49157773f03511daeac09e34cfd450de696e15e7780228;artifact/run-package-checks.sh=57d9e8d34787cf81f7f5dfcebd0996efc21c9ab2363130c3e0981a3c8728d51d;artifact/run-all-checks.sh=d9286e1ca848339df7da5c5fa1b30d8790527a7c4c2736c7deae1c6e922e605d,artifact/raw/results.json,deterministic rerun and independent invariant checks,VERIFIED
R032,Scientific and full-project checks,64,checks,./run-all-checks.sh,CPython 3.13.5 standard library; TeX Live 2025/dev where applicable,artifact/src/woc.py=05940feb15aa478f9bc36f8050eab9291130b2fac0f58783a0d8cc489192ed88;artifact/src/run_all.py=a016d98d22bd0a3456aa96398819e97c1aa6eff5b27b5cd8e9c366e9c3eeb6d8;artifact/tests/test_woc.py=920e2a3b1fcd42e1eabcd09dff7017473f2b3d11c256b2eaa3224929f293737a;artifact/tests/test_witness_boundaries.py=e139984e1c127e79c3c771e16c18062c690a15a7d1af039bcbfbc016688da3ff;artifact/tests/test_package_integrity.py=1fdea6630c0f97f7318aa8b2c70ee4ecbed62c0d6bd15e9cc7f10b67001bc06b;artifact/run-tests.sh=3db8b38ee8dfc3a43e49157773f03511daeac09e34cfd450de696e15e7780228;artifact/run-package-checks.sh=57d9e8d34787cf81f7f5dfcebd0996efc21c9ab2363130c3e0981a3c8728d51d;artifact/run-all-checks.sh=d9286e1ca848339df7da5c5fa1b30d8790527a7c4c2736c7deae1c6e922e605d,artifact/raw/results.json,56 self-contained scientific tests plus 8 full-project integrity tests,VERIFIED
R033,Capacity scenario 1: no_attack_identifies_variants exact messages,8,messages,./run-tests.sh,CPython 3.13.5 standard library; TeX Live 2025/dev where applicable,artifact/src/woc.py=05940feb15aa478f9bc36f8050eab9291130b2fac0f58783a0d8cc489192ed88;artifact/src/run_all.py=a016d98d22bd0a3456aa96398819e97c1aa6eff5b27b5cd8e9c366e9c3eeb6d8;artifact/tests/test_woc.py=920e2a3b1fcd42e1eabcd09dff7017473f2b3d11c256b2eaa3224929f293737a;artifact/tests/test_witness_boundaries.py=e139984e1c127e79c3c771e16c18062c690a15a7d1af039bcbfbc016688da3ff;artifact/tests/test_package_integrity.py=1fdea6630c0f97f7318aa8b2c70ee4ecbed62c0d6bd15e9cc7f10b67001bc06b;artifact/run-tests.sh=3db8b38ee8dfc3a43e49157773f03511daeac09e34cfd450de696e15e7780228;artifact/run-package-checks.sh=57d9e8d34787cf81f7f5dfcebd0996efc21c9ab2363130c3e0981a3c8728d51d;artifact/run-all-checks.sh=d9286e1ca848339df7da5c5fa1b30d8790527a7c4c2736c7deae1c6e922e605d,artifact/raw/results.json,deterministic rerun and independent invariant checks,VERIFIED
R034,Capacity scenario 1: no_attack_identifies_variants owner-selected bits,3,whole bits,./run-tests.sh,CPython 3.13.5 standard library; TeX Live 2025/dev where applicable,artifact/src/woc.py=05940feb15aa478f9bc36f8050eab9291130b2fac0f58783a0d8cc489192ed88;artifact/src/run_all.py=a016d98d22bd0a3456aa96398819e97c1aa6eff5b27b5cd8e9c366e9c3eeb6d8;artifact/tests/test_woc.py=920e2a3b1fcd42e1eabcd09dff7017473f2b3d11c256b2eaa3224929f293737a;artifact/tests/test_witness_boundaries.py=e139984e1c127e79c3c771e16c18062c690a15a7d1af039bcbfbc016688da3ff;artifact/tests/test_package_integrity.py=1fdea6630c0f97f7318aa8b2c70ee4ecbed62c0d6bd15e9cc7f10b67001bc06b;artifact/run-tests.sh=3db8b38ee8dfc3a43e49157773f03511daeac09e34cfd450de696e15e7780228;artifact/run-package-checks.sh=57d9e8d34787cf81f7f5dfcebd0996efc21c9ab2363130c3e0981a3c8728d51d;artifact/run-all-checks.sh=d9286e1ca848339df7da5c5fa1b30d8790527a7c4c2736c7deae1c6e922e605d,artifact/raw/results.json,deterministic rerun and independent invariant checks,VERIFIED
R035,Capacity scenario 2: paired_attack_orbits exact messages,4,messages,./run-tests.sh,CPython 3.13.5 standard library; TeX Live 2025/dev where applicable,artifact/src/woc.py=05940feb15aa478f9bc36f8050eab9291130b2fac0f58783a0d8cc489192ed88;artifact/src/run_all.py=a016d98d22bd0a3456aa96398819e97c1aa6eff5b27b5cd8e9c366e9c3eeb6d8;artifact/tests/test_woc.py=920e2a3b1fcd42e1eabcd09dff7017473f2b3d11c256b2eaa3224929f293737a;artifact/tests/test_witness_boundaries.py=e139984e1c127e79c3c771e16c18062c690a15a7d1af039bcbfbc016688da3ff;artifact/tests/test_package_integrity.py=1fdea6630c0f97f7318aa8b2c70ee4ecbed62c0d6bd15e9cc7f10b67001bc06b;artifact/run-tests.sh=3db8b38ee8dfc3a43e49157773f03511daeac09e34cfd450de696e15e7780228;artifact/run-package-checks.sh=57d9e8d34787cf81f7f5dfcebd0996efc21c9ab2363130c3e0981a3c8728d51d;artifact/run-all-checks.sh=d9286e1ca848339df7da5c5fa1b30d8790527a7c4c2736c7deae1c6e922e605d,artifact/raw/results.json,deterministic rerun and independent invariant checks,VERIFIED
R036,Capacity scenario 2: paired_attack_orbits owner-selected bits,2,whole bits,./run-tests.sh,CPython 3.13.5 standard library; TeX Live 2025/dev where applicable,artifact/src/woc.py=05940feb15aa478f9bc36f8050eab9291130b2fac0f58783a0d8cc489192ed88;artifact/src/run_all.py=a016d98d22bd0a3456aa96398819e97c1aa6eff5b27b5cd8e9c366e9c3eeb6d8;artifact/tests/test_woc.py=920e2a3b1fcd42e1eabcd09dff7017473f2b3d11c256b2eaa3224929f293737a;artifact/tests/test_witness_boundaries.py=e139984e1c127e79c3c771e16c18062c690a15a7d1af039bcbfbc016688da3ff;artifact/tests/test_package_integrity.py=1fdea6630c0f97f7318aa8b2c70ee4ecbed62c0d6bd15e9cc7f10b67001bc06b;artifact/run-tests.sh=3db8b38ee8dfc3a43e49157773f03511daeac09e34cfd450de696e15e7780228;artifact/run-package-checks.sh=57d9e8d34787cf81f7f5dfcebd0996efc21c9ab2363130c3e0981a3c8728d51d;artifact/run-all-checks.sh=d9286e1ca848339df7da5c5fa1b30d8790527a7c4c2736c7deae1c6e922e605d,artifact/raw/results.json,deterministic rerun and independent invariant checks,VERIFIED
R037,Capacity scenario 3: four_way_attack_orbits exact messages,2,messages,./run-tests.sh,CPython 3.13.5 standard library; TeX Live 2025/dev where applicable,artifact/src/woc.py=05940feb15aa478f9bc36f8050eab9291130b2fac0f58783a0d8cc489192ed88;artifact/src/run_all.py=a016d98d22bd0a3456aa96398819e97c1aa6eff5b27b5cd8e9c366e9c3eeb6d8;artifact/tests/test_woc.py=920e2a3b1fcd42e1eabcd09dff7017473f2b3d11c256b2eaa3224929f293737a;artifact/tests/test_witness_boundaries.py=e139984e1c127e79c3c771e16c18062c690a15a7d1af039bcbfbc016688da3ff;artifact/tests/test_package_integrity.py=1fdea6630c0f97f7318aa8b2c70ee4ecbed62c0d6bd15e9cc7f10b67001bc06b;artifact/run-tests.sh=3db8b38ee8dfc3a43e49157773f03511daeac09e34cfd450de696e15e7780228;artifact/run-package-checks.sh=57d9e8d34787cf81f7f5dfcebd0996efc21c9ab2363130c3e0981a3c8728d51d;artifact/run-all-checks.sh=d9286e1ca848339df7da5c5fa1b30d8790527a7c4c2736c7deae1c6e922e605d,artifact/raw/results.json,deterministic rerun and independent invariant checks,VERIFIED
R038,Capacity scenario 3: four_way_attack_orbits owner-selected bits,1,whole bits,./run-tests.sh,CPython 3.13.5 standard library; TeX Live 2025/dev where applicable,artifact/src/woc.py=05940feb15aa478f9bc36f8050eab9291130b2fac0f58783a0d8cc489192ed88;artifact/src/run_all.py=a016d98d22bd0a3456aa96398819e97c1aa6eff5b27b5cd8e9c366e9c3eeb6d8;artifact/tests/test_woc.py=920e2a3b1fcd42e1eabcd09dff7017473f2b3d11c256b2eaa3224929f293737a;artifact/tests/test_witness_boundaries.py=e139984e1c127e79c3c771e16c18062c690a15a7d1af039bcbfbc016688da3ff;artifact/tests/test_package_integrity.py=1fdea6630c0f97f7318aa8b2c70ee4ecbed62c0d6bd15e9cc7f10b67001bc06b;artifact/run-tests.sh=3db8b38ee8dfc3a43e49157773f03511daeac09e34cfd450de696e15e7780228;artifact/run-package-checks.sh=57d9e8d34787cf81f7f5dfcebd0996efc21c9ab2363130c3e0981a3c8728d51d;artifact/run-all-checks.sh=d9286e1ca848339df7da5c5fa1b30d8790527a7c4c2736c7deae1c6e922e605d,artifact/raw/results.json,deterministic rerun and independent invariant checks,VERIFIED
R039,Capacity scenario 4: complete_semantic_closure exact messages,1,messages,./run-tests.sh,CPython 3.13.5 standard library; TeX Live 2025/dev where applicable,artifact/src/woc.py=05940feb15aa478f9bc36f8050eab9291130b2fac0f58783a0d8cc489192ed88;artifact/src/run_all.py=a016d98d22bd0a3456aa96398819e97c1aa6eff5b27b5cd8e9c366e9c3eeb6d8;artifact/tests/test_woc.py=920e2a3b1fcd42e1eabcd09dff7017473f2b3d11c256b2eaa3224929f293737a;artifact/tests/test_witness_boundaries.py=e139984e1c127e79c3c771e16c18062c690a15a7d1af039bcbfbc016688da3ff;artifact/tests/test_package_integrity.py=1fdea6630c0f97f7318aa8b2c70ee4ecbed62c0d6bd15e9cc7f10b67001bc06b;artifact/run-tests.sh=3db8b38ee8dfc3a43e49157773f03511daeac09e34cfd450de696e15e7780228;artifact/run-package-checks.sh=57d9e8d34787cf81f7f5dfcebd0996efc21c9ab2363130c3e0981a3c8728d51d;artifact/run-all-checks.sh=d9286e1ca848339df7da5c5fa1b30d8790527a7c4c2736c7deae1c6e922e605d,artifact/raw/results.json,deterministic rerun and independent invariant checks,VERIFIED
R040,Capacity scenario 4: complete_semantic_closure owner-selected bits,0,whole bits,./run-tests.sh,CPython 3.13.5 standard library; TeX Live 2025/dev where applicable,artifact/src/woc.py=05940feb15aa478f9bc36f8050eab9291130b2fac0f58783a0d8cc489192ed88;artifact/src/run_all.py=a016d98d22bd0a3456aa96398819e97c1aa6eff5b27b5cd8e9c366e9c3eeb6d8;artifact/tests/test_woc.py=920e2a3b1fcd42e1eabcd09dff7017473f2b3d11c256b2eaa3224929f293737a;artifact/tests/test_witness_boundaries.py=e139984e1c127e79c3c771e16c18062c690a15a7d1af039bcbfbc016688da3ff;artifact/tests/test_package_integrity.py=1fdea6630c0f97f7318aa8b2c70ee4ecbed62c0d6bd15e9cc7f10b67001bc06b;artifact/run-tests.sh=3db8b38ee8dfc3a43e49157773f03511daeac09e34cfd450de696e15e7780228;artifact/run-package-checks.sh=57d9e8d34787cf81f7f5dfcebd0996efc21c9ab2363130c3e0981a3c8728d51d;artifact/run-all-checks.sh=d9286e1ca848339df7da5c5fa1b30d8790527a7c4c2736c7deae1c6e922e605d,artifact/raw/results.json,deterministic rerun and independent invariant checks,VERIFIED
R041,Formal theorem-like statements,52,statements,./paper/build.sh,CPython 3.13.5 standard library; TeX Live 2025/dev where applicable,artifact/src/woc.py=05940feb15aa478f9bc36f8050eab9291130b2fac0f58783a0d8cc489192ed88;artifact/src/run_all.py=a016d98d22bd0a3456aa96398819e97c1aa6eff5b27b5cd8e9c366e9c3eeb6d8;artifact/tests/test_woc.py=920e2a3b1fcd42e1eabcd09dff7017473f2b3d11c256b2eaa3224929f293737a;artifact/tests/test_witness_boundaries.py=e139984e1c127e79c3c771e16c18062c690a15a7d1af039bcbfbc016688da3ff;artifact/tests/test_package_integrity.py=1fdea6630c0f97f7318aa8b2c70ee4ecbed62c0d6bd15e9cc7f10b67001bc06b;artifact/run-tests.sh=3db8b38ee8dfc3a43e49157773f03511daeac09e34cfd450de696e15e7780228;artifact/run-package-checks.sh=57d9e8d34787cf81f7f5dfcebd0996efc21c9ab2363130c3e0981a3c8728d51d;artifact/run-all-checks.sh=d9286e1ca848339df7da5c5fa1b30d8790527a7c4c2736c7deae1c6e922e605d,paper/statement_location_audit.json,source/PDF/ledger location audit,VERIFIED
R042,Explicit proof environments,52,proofs,./paper/build.sh,CPython 3.13.5 standard library; TeX Live 2025/dev where applicable,artifact/src/woc.py=05940feb15aa478f9bc36f8050eab9291130b2fac0f58783a0d8cc489192ed88;artifact/src/run_all.py=a016d98d22bd0a3456aa96398819e97c1aa6eff5b27b5cd8e9c366e9c3eeb6d8;artifact/tests/test_woc.py=920e2a3b1fcd42e1eabcd09dff7017473f2b3d11c256b2eaa3224929f293737a;artifact/tests/test_witness_boundaries.py=e139984e1c127e79c3c771e16c18062c690a15a7d1af039bcbfbc016688da3ff;artifact/tests/test_package_integrity.py=1fdea6630c0f97f7318aa8b2c70ee4ecbed62c0d6bd15e9cc7f10b67001bc06b;artifact/run-tests.sh=3db8b38ee8dfc3a43e49157773f03511daeac09e34cfd450de696e15e7780228;artifact/run-package-checks.sh=57d9e8d34787cf81f7f5dfcebd0996efc21c9ab2363130c3e0981a3c8728d51d;artifact/run-all-checks.sh=d9286e1ca848339df7da5c5fa1b30d8790527a7c4c2736c7deae1c6e922e605d,paper/statement_location_audit.json,one explicit proof after every formal statement,VERIFIED
R043,Top-level scientific sections,8,sections,./paper/build.sh,CPython 3.13.5 standard library; TeX Live 2025/dev where applicable,artifact/src/woc.py=05940feb15aa478f9bc36f8050eab9291130b2fac0f58783a0d8cc489192ed88;artifact/src/run_all.py=a016d98d22bd0a3456aa96398819e97c1aa6eff5b27b5cd8e9c366e9c3eeb6d8;artifact/tests/test_woc.py=920e2a3b1fcd42e1eabcd09dff7017473f2b3d11c256b2eaa3224929f293737a;artifact/tests/test_witness_boundaries.py=e139984e1c127e79c3c771e16c18062c690a15a7d1af039bcbfbc016688da3ff;artifact/tests/test_package_integrity.py=1fdea6630c0f97f7318aa8b2c70ee4ecbed62c0d6bd15e9cc7f10b67001bc06b;artifact/run-tests.sh=3db8b38ee8dfc3a43e49157773f03511daeac09e34cfd450de696e15e7780228;artifact/run-package-checks.sh=57d9e8d34787cf81f7f5dfcebd0996efc21c9ab2363130c3e0981a3c8728d51d;artifact/run-all-checks.sh=d9286e1ca848339df7da5c5fa1b30d8790527a7c4c2736c7deae1c6e922e605d,paper/page_fit_audit.json,source and rendered outline audit,VERIFIED
R044,Named authors currently recorded,3,named authors,./paper/build.sh,CPython 3.13.5 standard library; TeX Live 2025/dev where applicable,artifact/src/woc.py=05940feb15aa478f9bc36f8050eab9291130b2fac0f58783a0d8cc489192ed88;artifact/src/run_all.py=a016d98d22bd0a3456aa96398819e97c1aa6eff5b27b5cd8e9c366e9c3eeb6d8;artifact/tests/test_woc.py=920e2a3b1fcd42e1eabcd09dff7017473f2b3d11c256b2eaa3224929f293737a;artifact/tests/test_witness_boundaries.py=e139984e1c127e79c3c771e16c18062c690a15a7d1af039bcbfbc016688da3ff;artifact/tests/test_package_integrity.py=1fdea6630c0f97f7318aa8b2c70ee4ecbed62c0d6bd15e9cc7f10b67001bc06b;artifact/run-tests.sh=3db8b38ee8dfc3a43e49157773f03511daeac09e34cfd450de696e15e7780228;artifact/run-package-checks.sh=57d9e8d34787cf81f7f5dfcebd0996efc21c9ab2363130c3e0981a3c8728d51d;artifact/run-all-checks.sh=d9286e1ca848339df7da5c5fa1b30d8790527a7c4c2736c7deae1c6e922e605d,paper/content_hygiene_audit.json,"source, PDF metadata, and title-page visual audit",VERIFIED
R045,Vector figures,4,figures,./paper/build.sh,CPython 3.13.5 standard library; TeX Live 2025/dev where applicable,artifact/src/woc.py=05940feb15aa478f9bc36f8050eab9291130b2fac0f58783a0d8cc489192ed88;artifact/src/run_all.py=a016d98d22bd0a3456aa96398819e97c1aa6eff5b27b5cd8e9c366e9c3eeb6d8;artifact/tests/test_woc.py=920e2a3b1fcd42e1eabcd09dff7017473f2b3d11c256b2eaa3224929f293737a;artifact/tests/test_witness_boundaries.py=e139984e1c127e79c3c771e16c18062c690a15a7d1af039bcbfbc016688da3ff;artifact/tests/test_package_integrity.py=1fdea6630c0f97f7318aa8b2c70ee4ecbed62c0d6bd15e9cc7f10b67001bc06b;artifact/run-tests.sh=3db8b38ee8dfc3a43e49157773f03511daeac09e34cfd450de696e15e7780228;artifact/run-package-checks.sh=57d9e8d34787cf81f7f5dfcebd0996efc21c9ab2363130c3e0981a3c8728d51d;artifact/run-all-checks.sh=d9286e1ca848339df7da5c5fa1b30d8790527a7c4c2736c7deae1c6e922e605d,paper/visual_qa.json,200-DPI and PDF object audit,VERIFIED
R046,Tables,9,tables,./paper/build.sh,CPython 3.13.5 standard library; TeX Live 2025/dev where applicable,artifact/src/woc.py=05940feb15aa478f9bc36f8050eab9291130b2fac0f58783a0d8cc489192ed88;artifact/src/run_all.py=a016d98d22bd0a3456aa96398819e97c1aa6eff5b27b5cd8e9c366e9c3eeb6d8;artifact/tests/test_woc.py=920e2a3b1fcd42e1eabcd09dff7017473f2b3d11c256b2eaa3224929f293737a;artifact/tests/test_witness_boundaries.py=e139984e1c127e79c3c771e16c18062c690a15a7d1af039bcbfbc016688da3ff;artifact/tests/test_package_integrity.py=1fdea6630c0f97f7318aa8b2c70ee4ecbed62c0d6bd15e9cc7f10b67001bc06b;artifact/run-tests.sh=3db8b38ee8dfc3a43e49157773f03511daeac09e34cfd450de696e15e7780228;artifact/run-package-checks.sh=57d9e8d34787cf81f7f5dfcebd0996efc21c9ab2363130c3e0981a3c8728d51d;artifact/run-all-checks.sh=d9286e1ca848339df7da5c5fa1b30d8790527a7c4c2736c7deae1c6e922e605d,paper/visual_qa.json,all table pages inspected at publication size,VERIFIED
R047,Status-labelled scholarly bibliography entries,68,entries,./paper/build.sh,CPython 3.13.5 standard library; TeX Live 2025/dev where applicable,artifact/src/woc.py=05940feb15aa478f9bc36f8050eab9291130b2fac0f58783a0d8cc489192ed88;artifact/src/run_all.py=a016d98d22bd0a3456aa96398819e97c1aa6eff5b27b5cd8e9c366e9c3eeb6d8;artifact/tests/test_woc.py=920e2a3b1fcd42e1eabcd09dff7017473f2b3d11c256b2eaa3224929f293737a;artifact/tests/test_witness_boundaries.py=e139984e1c127e79c3c771e16c18062c690a15a7d1af039bcbfbc016688da3ff;artifact/tests/test_package_integrity.py=1fdea6630c0f97f7318aa8b2c70ee4ecbed62c0d6bd15e9cc7f10b67001bc06b;artifact/run-tests.sh=3db8b38ee8dfc3a43e49157773f03511daeac09e34cfd450de696e15e7780228;artifact/run-package-checks.sh=57d9e8d34787cf81f7f5dfcebd0996efc21c9ab2363130c3e0981a3c8728d51d;artifact/run-all-checks.sh=d9286e1ca848339df7da5c5fa1b30d8790527a7c4c2736c7deae1c6e922e605d,paper/citation_shape_audit.json,"DOI/identifier, publication-status, use, hash, and local-support audit",VERIFIED
R048,Citation commands,99,commands,./paper/build.sh,CPython 3.13.5 standard library; TeX Live 2025/dev where applicable,artifact/src/woc.py=05940feb15aa478f9bc36f8050eab9291130b2fac0f58783a0d8cc489192ed88;artifact/src/run_all.py=a016d98d22bd0a3456aa96398819e97c1aa6eff5b27b5cd8e9c366e9c3eeb6d8;artifact/tests/test_woc.py=920e2a3b1fcd42e1eabcd09dff7017473f2b3d11c256b2eaa3224929f293737a;artifact/tests/test_witness_boundaries.py=e139984e1c127e79c3c771e16c18062c690a15a7d1af039bcbfbc016688da3ff;artifact/tests/test_package_integrity.py=1fdea6630c0f97f7318aa8b2c70ee4ecbed62c0d6bd15e9cc7f10b67001bc06b;artifact/run-tests.sh=3db8b38ee8dfc3a43e49157773f03511daeac09e34cfd450de696e15e7780228;artifact/run-package-checks.sh=57d9e8d34787cf81f7f5dfcebd0996efc21c9ab2363130c3e0981a3c8728d51d;artifact/run-all-checks.sh=d9286e1ca848339df7da5c5fa1b30d8790527a7c4c2736c7deae1c6e922e605d,paper/citation_shape_audit.json,single-key and sentence-local audit,VERIFIED
R049,Recent TOPLAS calibration median,61.5,references,calibration audit,CPython 3.13.5 standard library; TeX Live 2025/dev where applicable,artifact/src/woc.py=05940feb15aa478f9bc36f8050eab9291130b2fac0f58783a0d8cc489192ed88;artifact/src/run_all.py=a016d98d22bd0a3456aa96398819e97c1aa6eff5b27b5cd8e9c366e9c3eeb6d8;artifact/tests/test_woc.py=920e2a3b1fcd42e1eabcd09dff7017473f2b3d11c256b2eaa3224929f293737a;artifact/tests/test_witness_boundaries.py=e139984e1c127e79c3c771e16c18062c690a15a7d1af039bcbfbc016688da3ff;artifact/tests/test_package_integrity.py=1fdea6630c0f97f7318aa8b2c70ee4ecbed62c0d6bd15e9cc7f10b67001bc06b;artifact/run-tests.sh=3db8b38ee8dfc3a43e49157773f03511daeac09e34cfd450de696e15e7780228;artifact/run-package-checks.sh=57d9e8d34787cf81f7f5dfcebd0996efc21c9ab2363130c3e0981a3c8728d51d;artifact/run-all-checks.sh=d9286e1ca848339df7da5c5fa1b30d8790527a7c4c2736c7deae1c6e922e605d,artifact/venue-evidence/recent-toplas-reference-calibration.json,12 final published reference lists,VERIFIED
R050,Recent TOPLAS calibration P75,88,references,calibration audit,CPython 3.13.5 standard library; TeX Live 2025/dev where applicable,artifact/src/woc.py=05940feb15aa478f9bc36f8050eab9291130b2fac0f58783a0d8cc489192ed88;artifact/src/run_all.py=a016d98d22bd0a3456aa96398819e97c1aa6eff5b27b5cd8e9c366e9c3eeb6d8;artifact/tests/test_woc.py=920e2a3b1fcd42e1eabcd09dff7017473f2b3d11c256b2eaa3224929f293737a;artifact/tests/test_witness_boundaries.py=e139984e1c127e79c3c771e16c18062c690a15a7d1af039bcbfbc016688da3ff;artifact/tests/test_package_integrity.py=1fdea6630c0f97f7318aa8b2c70ee4ecbed62c0d6bd15e9cc7f10b67001bc06b;artifact/run-tests.sh=3db8b38ee8dfc3a43e49157773f03511daeac09e34cfd450de696e15e7780228;artifact/run-package-checks.sh=57d9e8d34787cf81f7f5dfcebd0996efc21c9ab2363130c3e0981a3c8728d51d;artifact/run-all-checks.sh=d9286e1ca848339df7da5c5fa1b30d8790527a7c4c2736c7deae1c6e922e605d,artifact/venue-evidence/recent-toplas-reference-calibration.json,nearest-rank statistic,VERIFIED
R051,Frozen bibliography floor,62,references,calibration audit,CPython 3.13.5 standard library; TeX Live 2025/dev where applicable,artifact/src/woc.py=05940feb15aa478f9bc36f8050eab9291130b2fac0f58783a0d8cc489192ed88;artifact/src/run_all.py=a016d98d22bd0a3456aa96398819e97c1aa6eff5b27b5cd8e9c366e9c3eeb6d8;artifact/tests/test_woc.py=920e2a3b1fcd42e1eabcd09dff7017473f2b3d11c256b2eaa3224929f293737a;artifact/tests/test_witness_boundaries.py=e139984e1c127e79c3c771e16c18062c690a15a7d1af039bcbfbc016688da3ff;artifact/tests/test_package_integrity.py=1fdea6630c0f97f7318aa8b2c70ee4ecbed62c0d6bd15e9cc7f10b67001bc06b;artifact/run-tests.sh=3db8b38ee8dfc3a43e49157773f03511daeac09e34cfd450de696e15e7780228;artifact/run-package-checks.sh=57d9e8d34787cf81f7f5dfcebd0996efc21c9ab2363130c3e0981a3c8728d51d;artifact/run-all-checks.sh=d9286e1ca848339df7da5c5fa1b30d8790527a7c4c2736c7deae1c6e922e605d,artifact/venue-evidence/recent-toplas-reference-calibration.json,ceiling of median,VERIFIED
R052,Rendered manuscript pages,48,pages,./paper/build.sh,CPython 3.13.5 standard library; TeX Live 2025/dev where applicable,artifact/src/woc.py=05940feb15aa478f9bc36f8050eab9291130b2fac0f58783a0d8cc489192ed88;artifact/src/run_all.py=a016d98d22bd0a3456aa96398819e97c1aa6eff5b27b5cd8e9c366e9c3eeb6d8;artifact/tests/test_woc.py=920e2a3b1fcd42e1eabcd09dff7017473f2b3d11c256b2eaa3224929f293737a;artifact/tests/test_witness_boundaries.py=e139984e1c127e79c3c771e16c18062c690a15a7d1af039bcbfbc016688da3ff;artifact/tests/test_package_integrity.py=1fdea6630c0f97f7318aa8b2c70ee4ecbed62c0d6bd15e9cc7f10b67001bc06b;artifact/run-tests.sh=3db8b38ee8dfc3a43e49157773f03511daeac09e34cfd450de696e15e7780228;artifact/run-package-checks.sh=57d9e8d34787cf81f7f5dfcebd0996efc21c9ab2363130c3e0981a3c8728d51d;artifact/run-all-checks.sh=d9286e1ca848339df7da5c5fa1b30d8790527a7c4c2736c7deae1c6e922e605d,paper/page_fit_audit.json,two clean byte-identical builds and all-page render,VERIFIED
R053,Unused ordinary bibliography baselines before normal page-48 text-block bottom,1,baseline,page geometry audit,CPython 3.13.5 standard library; TeX Live 2025/dev where applicable,artifact/src/woc.py=05940feb15aa478f9bc36f8050eab9291130b2fac0f58783a0d8cc489192ed88;artifact/src/run_all.py=a016d98d22bd0a3456aa96398819e97c1aa6eff5b27b5cd8e9c366e9c3eeb6d8;artifact/tests/test_woc.py=920e2a3b1fcd42e1eabcd09dff7017473f2b3d11c256b2eaa3224929f293737a;artifact/tests/test_witness_boundaries.py=e139984e1c127e79c3c771e16c18062c690a15a7d1af039bcbfbc016688da3ff;artifact/tests/test_package_integrity.py=1fdea6630c0f97f7318aa8b2c70ee4ecbed62c0d6bd15e9cc7f10b67001bc06b;artifact/run-tests.sh=3db8b38ee8dfc3a43e49157773f03511daeac09e34cfd450de696e15e7780228;artifact/run-package-checks.sh=57d9e8d34787cf81f7f5dfcebd0996efc21c9ab2363130c3e0981a3c8728d51d;artifact/run-all-checks.sh=d9286e1ca848339df7da5c5fa1b30d8790527a7c4c2736c7deae1c6e922e605d,paper/page_fit_audit.json,PyMuPDF baseline measurement plus publication-size visual inspection,VERIFIED
R054,Embedded subset Unicode font resources,22,font resources,pdffonts paper/main.pdf,CPython 3.13.5 standard library; TeX Live 2025/dev where applicable,artifact/src/woc.py=05940feb15aa478f9bc36f8050eab9291130b2fac0f58783a0d8cc489192ed88;artifact/src/run_all.py=a016d98d22bd0a3456aa96398819e97c1aa6eff5b27b5cd8e9c366e9c3eeb6d8;artifact/tests/test_woc.py=920e2a3b1fcd42e1eabcd09dff7017473f2b3d11c256b2eaa3224929f293737a;artifact/tests/test_witness_boundaries.py=e139984e1c127e79c3c771e16c18062c690a15a7d1af039bcbfbc016688da3ff;artifact/tests/test_package_integrity.py=1fdea6630c0f97f7318aa8b2c70ee4ecbed62c0d6bd15e9cc7f10b67001bc06b;artifact/run-tests.sh=3db8b38ee8dfc3a43e49157773f03511daeac09e34cfd450de696e15e7780228;artifact/run-package-checks.sh=57d9e8d34787cf81f7f5dfcebd0996efc21c9ab2363130c3e0981a3c8728d51d;artifact/run-all-checks.sh=d9286e1ca848339df7da5c5fa1b30d8790527a7c4c2736c7deae1c6e922e605d,paper/pdf_preflight.json,all emb/sub/uni fields yes,VERIFIED
R055,Raster image objects,0,objects,pdfimages -list paper/main.pdf,CPython 3.13.5 standard library; TeX Live 2025/dev where applicable,artifact/src/woc.py=05940feb15aa478f9bc36f8050eab9291130b2fac0f58783a0d8cc489192ed88;artifact/src/run_all.py=a016d98d22bd0a3456aa96398819e97c1aa6eff5b27b5cd8e9c366e9c3eeb6d8;artifact/tests/test_woc.py=920e2a3b1fcd42e1eabcd09dff7017473f2b3d11c256b2eaa3224929f293737a;artifact/tests/test_witness_boundaries.py=e139984e1c127e79c3c771e16c18062c690a15a7d1af039bcbfbc016688da3ff;artifact/tests/test_package_integrity.py=1fdea6630c0f97f7318aa8b2c70ee4ecbed62c0d6bd15e9cc7f10b67001bc06b;artifact/run-tests.sh=3db8b38ee8dfc3a43e49157773f03511daeac09e34cfd450de696e15e7780228;artifact/run-package-checks.sh=57d9e8d34787cf81f7f5dfcebd0996efc21c9ab2363130c3e0981a3c8728d51d;artifact/run-all-checks.sh=d9286e1ca848339df7da5c5fa1b30d8790527a7c4c2736c7deae1c6e922e605d,paper/pdf_preflight.json,vector-only figures,VERIFIED
R056,Poppler-rendered pages,48,pages,pdftoppm -r 200,CPython 3.13.5 standard library; TeX Live 2025/dev where applicable,artifact/src/woc.py=05940feb15aa478f9bc36f8050eab9291130b2fac0f58783a0d8cc489192ed88;artifact/src/run_all.py=a016d98d22bd0a3456aa96398819e97c1aa6eff5b27b5cd8e9c366e9c3eeb6d8;artifact/tests/test_woc.py=920e2a3b1fcd42e1eabcd09dff7017473f2b3d11c256b2eaa3224929f293737a;artifact/tests/test_witness_boundaries.py=e139984e1c127e79c3c771e16c18062c690a15a7d1af039bcbfbc016688da3ff;artifact/tests/test_package_integrity.py=1fdea6630c0f97f7318aa8b2c70ee4ecbed62c0d6bd15e9cc7f10b67001bc06b;artifact/run-tests.sh=3db8b38ee8dfc3a43e49157773f03511daeac09e34cfd450de696e15e7780228;artifact/run-package-checks.sh=57d9e8d34787cf81f7f5dfcebd0996efc21c9ab2363130c3e0981a3c8728d51d;artifact/run-all-checks.sh=d9286e1ca848339df7da5c5fa1b30d8790527a7c4c2736c7deae1c6e922e605d,paper/visual_qa.json,all-page contact sheets and selected full-resolution inspection,VERIFIED
R057,PDFium-rendered pages,48,pages,PDFium render pass,CPython 3.13.5 standard library; TeX Live 2025/dev where applicable,artifact/src/woc.py=05940feb15aa478f9bc36f8050eab9291130b2fac0f58783a0d8cc489192ed88;artifact/src/run_all.py=a016d98d22bd0a3456aa96398819e97c1aa6eff5b27b5cd8e9c366e9c3eeb6d8;artifact/tests/test_woc.py=920e2a3b1fcd42e1eabcd09dff7017473f2b3d11c256b2eaa3224929f293737a;artifact/tests/test_witness_boundaries.py=e139984e1c127e79c3c771e16c18062c690a15a7d1af039bcbfbc016688da3ff;artifact/tests/test_package_integrity.py=1fdea6630c0f97f7318aa8b2c70ee4ecbed62c0d6bd15e9cc7f10b67001bc06b;artifact/run-tests.sh=3db8b38ee8dfc3a43e49157773f03511daeac09e34cfd450de696e15e7780228;artifact/run-package-checks.sh=57d9e8d34787cf81f7f5dfcebd0996efc21c9ab2363130c3e0981a3c8728d51d;artifact/run-all-checks.sh=d9286e1ca848339df7da5c5fa1b30d8790527a7c4c2736c7deae1c6e922e605d,paper/pdf_preflight.json,second-renderer cross-check,VERIFIED
R058,Clean deterministic PDF build hashes agree,1,boolean,./paper/build.sh,CPython 3.13.5 standard library; TeX Live 2025/dev where applicable,artifact/src/woc.py=05940feb15aa478f9bc36f8050eab9291130b2fac0f58783a0d8cc489192ed88;artifact/src/run_all.py=a016d98d22bd0a3456aa96398819e97c1aa6eff5b27b5cd8e9c366e9c3eeb6d8;artifact/tests/test_woc.py=920e2a3b1fcd42e1eabcd09dff7017473f2b3d11c256b2eaa3224929f293737a;artifact/tests/test_witness_boundaries.py=e139984e1c127e79c3c771e16c18062c690a15a7d1af039bcbfbc016688da3ff;artifact/tests/test_package_integrity.py=1fdea6630c0f97f7318aa8b2c70ee4ecbed62c0d6bd15e9cc7f10b67001bc06b;artifact/run-tests.sh=3db8b38ee8dfc3a43e49157773f03511daeac09e34cfd450de696e15e7780228;artifact/run-package-checks.sh=57d9e8d34787cf81f7f5dfcebd0996efc21c9ab2363130c3e0981a3c8728d51d;artifact/run-all-checks.sh=d9286e1ca848339df7da5c5fa1b30d8790527a7c4c2736c7deae1c6e922e605d,paper/page_fit_audit.json,two isolated build directories,VERIFIED
R059,Directed compiler example matches independent target-label oracle,1,boolean,./run-tests.sh,CPython 3.13.5 standard library; TeX Live 2025/dev where applicable,artifact/src/woc.py=05940feb15aa478f9bc36f8050eab9291130b2fac0f58783a0d8cc489192ed88;artifact/src/run_all.py=a016d98d22bd0a3456aa96398819e97c1aa6eff5b27b5cd8e9c366e9c3eeb6d8;artifact/tests/test_woc.py=920e2a3b1fcd42e1eabcd09dff7017473f2b3d11c256b2eaa3224929f293737a;artifact/tests/test_witness_boundaries.py=e139984e1c127e79c3c771e16c18062c690a15a7d1af039bcbfbc016688da3ff;artifact/tests/test_package_integrity.py=1fdea6630c0f97f7318aa8b2c70ee4ecbed62c0d6bd15e9cc7f10b67001bc06b;artifact/run-tests.sh=3db8b38ee8dfc3a43e49157773f03511daeac09e34cfd450de696e15e7780228;artifact/run-package-checks.sh=57d9e8d34787cf81f7f5dfcebd0996efc21c9ab2363130c3e0981a3c8728d51d;artifact/run-all-checks.sh=d9286e1ca848339df7da5c5fa1b30d8790527a7c4c2736c7deae1c6e922e605d,artifact/tests/test_woc.py,directed hypergraph feasibility versus direct source-target label enumeration,VERIFIED
R060,Dual-role rewrite finite nonincrease regressions,1,complete bounded family,./run-tests.sh,CPython 3.13.5 standard library; TeX Live 2025/dev where applicable,artifact/src/woc.py=05940feb15aa478f9bc36f8050eab9291130b2fac0f58783a0d8cc489192ed88;artifact/src/run_all.py=a016d98d22bd0a3456aa96398819e97c1aa6eff5b27b5cd8e9c366e9c3eeb6d8;artifact/tests/test_woc.py=920e2a3b1fcd42e1eabcd09dff7017473f2b3d11c256b2eaa3224929f293737a;artifact/tests/test_witness_boundaries.py=e139984e1c127e79c3c771e16c18062c690a15a7d1af039bcbfbc016688da3ff;artifact/tests/test_package_integrity.py=1fdea6630c0f97f7318aa8b2c70ee4ecbed62c0d6bd15e9cc7f10b67001bc06b;artifact/run-tests.sh=3db8b38ee8dfc3a43e49157773f03511daeac09e34cfd450de696e15e7780228;artifact/run-package-checks.sh=57d9e8d34787cf81f7f5dfcebd0996efc21c9ab2363130c3e0981a3c8728d51d;artifact/run-all-checks.sh=d9286e1ca848339df7da5c5fa1b30d8790527a7c4c2736c7deae1c6e922e605d,artifact/tests/test_woc.py,"all three-element operational partitions, reflexive access relations, and single rewrite edges",VERIFIED
R061,Scientific and full-project checks,64,checks,./run-all-checks.sh,CPython 3.13.5 standard library; TeX Live 2025/dev where applicable,artifact/src/woc.py=05940feb15aa478f9bc36f8050eab9291130b2fac0f58783a0d8cc489192ed88;artifact/src/run_all.py=a016d98d22bd0a3456aa96398819e97c1aa6eff5b27b5cd8e9c366e9c3eeb6d8;artifact/tests/test_woc.py=920e2a3b1fcd42e1eabcd09dff7017473f2b3d11c256b2eaa3224929f293737a;artifact/tests/test_witness_boundaries.py=e139984e1c127e79c3c771e16c18062c690a15a7d1af039bcbfbc016688da3ff;artifact/tests/test_package_integrity.py=1fdea6630c0f97f7318aa8b2c70ee4ecbed62c0d6bd15e9cc7f10b67001bc06b;artifact/run-tests.sh=3db8b38ee8dfc3a43e49157773f03511daeac09e34cfd450de696e15e7780228;artifact/run-package-checks.sh=57d9e8d34787cf81f7f5dfcebd0996efc21c9ab2363130c3e0981a3c8728d51d;artifact/run-all-checks.sh=d9286e1ca848339df7da5c5fa1b30d8790527a7c4c2736c7deae1c6e922e605d,artifact/raw/run_stderr.txt,56 self-contained scientific tests plus 8 full-project integrity tests,VERIFIED
R062,Full-text-hashed current frontier comparisons,4,papers,external comparison audit,CPython 3.13.5 standard library; TeX Live 2025/dev where applicable,artifact/src/woc.py=05940feb15aa478f9bc36f8050eab9291130b2fac0f58783a0d8cc489192ed88;artifact/src/run_all.py=a016d98d22bd0a3456aa96398819e97c1aa6eff5b27b5cd8e9c366e9c3eeb6d8;artifact/tests/test_woc.py=920e2a3b1fcd42e1eabcd09dff7017473f2b3d11c256b2eaa3224929f293737a;artifact/tests/test_witness_boundaries.py=e139984e1c127e79c3c771e16c18062c690a15a7d1af039bcbfbc016688da3ff;artifact/tests/test_package_integrity.py=1fdea6630c0f97f7318aa8b2c70ee4ecbed62c0d6bd15e9cc7f10b67001bc06b;artifact/run-tests.sh=3db8b38ee8dfc3a43e49157773f03511daeac09e34cfd450de696e15e7780228;artifact/run-package-checks.sh=57d9e8d34787cf81f7f5dfcebd0996efc21c9ab2363130c3e0981a3c8728d51d;artifact/run-all-checks.sh=d9286e1ca848339df7da5c5fa1b30d8790527a7c4c2736c7deae1c6e922e605d,artifact/external-comparison-audit.json; artifact/frontier-evidence/records.jsonl,"full-text SHA-256, status labelling, sentence-local manuscript comparison, and non-subsumption audit",VERIFIED
R063,Canonical identified review PDF,1,PDF,./paper/build.sh,TeX Live 2025/dev; acmart 2.19 supplied class; Poppler/PDFium QA,artifact/src/woc.py=05940feb15aa478f9bc36f8050eab9291130b2fac0f58783a0d8cc489192ed88;artifact/src/run_all.py=a016d98d22bd0a3456aa96398819e97c1aa6eff5b27b5cd8e9c366e9c3eeb6d8;artifact/tests/test_woc.py=920e2a3b1fcd42e1eabcd09dff7017473f2b3d11c256b2eaa3224929f293737a;artifact/tests/test_witness_boundaries.py=e139984e1c127e79c3c771e16c18062c690a15a7d1af039bcbfbc016688da3ff;artifact/tests/test_package_integrity.py=1fdea6630c0f97f7318aa8b2c70ee4ecbed62c0d6bd15e9cc7f10b67001bc06b;artifact/run-tests.sh=3db8b38ee8dfc3a43e49157773f03511daeac09e34cfd450de696e15e7780228;artifact/run-package-checks.sh=57d9e8d34787cf81f7f5dfcebd0996efc21c9ab2363130c3e0981a3c8728d51d;artifact/run-all-checks.sh=d9286e1ca848339df7da5c5fa1b30d8790527a7c4c2736c7deae1c6e922e605d,paper/template_audit.json,48 letter-size pages; continuous line numbers; identified known authors; class-controlled margins; no publication metadata,VERIFIED
R064,Local bibliography entries and citation contexts checked,68,references,./run-tests.sh,CPython 3.13.5 standard library; TeX Live 2025/dev where applicable,artifact/src/woc.py=05940feb15aa478f9bc36f8050eab9291130b2fac0f58783a0d8cc489192ed88;artifact/src/run_all.py=a016d98d22bd0a3456aa96398819e97c1aa6eff5b27b5cd8e9c366e9c3eeb6d8;artifact/tests/test_woc.py=920e2a3b1fcd42e1eabcd09dff7017473f2b3d11c256b2eaa3224929f293737a;artifact/tests/test_witness_boundaries.py=e139984e1c127e79c3c771e16c18062c690a15a7d1af039bcbfbc016688da3ff;artifact/tests/test_package_integrity.py=1fdea6630c0f97f7318aa8b2c70ee4ecbed62c0d6bd15e9cc7f10b67001bc06b;artifact/run-tests.sh=3db8b38ee8dfc3a43e49157773f03511daeac09e34cfd450de696e15e7780228;artifact/run-package-checks.sh=57d9e8d34787cf81f7f5dfcebd0996efc21c9ab2363130c3e0981a3c8728d51d;artifact/run-all-checks.sh=d9286e1ca848339df7da5c5fa1b30d8790527a7c4c2736c7deae1c6e922e605d,artifact/reference-audit-final.csv,68 local exact-entry/context checks; 12 targeted current external records; other evidence explicitly inherited,VERIFIED_LOCAL_PARTIAL_EXTERNAL
R065,Planned author positions,6,positions,./run-tests.sh,3.13.5,artifact/src/woc.py=05940feb15aa478f9bc36f8050eab9291130b2fac0f58783a0d8cc489192ed88;artifact/src/run_all.py=a016d98d22bd0a3456aa96398819e97c1aa6eff5b27b5cd8e9c366e9c3eeb6d8;artifact/tests/test_woc.py=920e2a3b1fcd42e1eabcd09dff7017473f2b3d11c256b2eaa3224929f293737a;artifact/tests/test_witness_boundaries.py=e139984e1c127e79c3c771e16c18062c690a15a7d1af039bcbfbc016688da3ff;artifact/tests/test_package_integrity.py=1fdea6630c0f97f7318aa8b2c70ee4ecbed62c0d6bd15e9cc7f10b67001bc06b;artifact/run-tests.sh=3db8b38ee8dfc3a43e49157773f03511daeac09e34cfd450de696e15e7780228;artifact/run-package-checks.sh=57d9e8d34787cf81f7f5dfcebd0996efc21c9ab2363130c3e0981a3c8728d51d;artifact/run-all-checks.sh=d9286e1ca848339df7da5c5fa1b30d8790527a7c4c2736c7deae1c6e922e605d,paper/author-plan.json,Current run and direct validation,VERIFIED
R066,Unnamed blank author positions,3,positions,./run-tests.sh,3.13.5,artifact/src/woc.py=05940feb15aa478f9bc36f8050eab9291130b2fac0f58783a0d8cc489192ed88;artifact/src/run_all.py=a016d98d22bd0a3456aa96398819e97c1aa6eff5b27b5cd8e9c366e9c3eeb6d8;artifact/tests/test_woc.py=920e2a3b1fcd42e1eabcd09dff7017473f2b3d11c256b2eaa3224929f293737a;artifact/tests/test_witness_boundaries.py=e139984e1c127e79c3c771e16c18062c690a15a7d1af039bcbfbc016688da3ff;artifact/tests/test_package_integrity.py=1fdea6630c0f97f7318aa8b2c70ee4ecbed62c0d6bd15e9cc7f10b67001bc06b;artifact/run-tests.sh=3db8b38ee8dfc3a43e49157773f03511daeac09e34cfd450de696e15e7780228;artifact/run-package-checks.sh=57d9e8d34787cf81f7f5dfcebd0996efc21c9ab2363130c3e0981a3c8728d51d;artifact/run-all-checks.sh=d9286e1ca848339df7da5c5fa1b30d8790527a7c4c2736c7deae1c6e922e605d,paper/author-plan.json,Current run and direct validation,VERIFIED
R067,Constructive-witness trials and oracle agreements,320,instances,./run-tests.sh,3.13.5,artifact/src/woc.py=05940feb15aa478f9bc36f8050eab9291130b2fac0f58783a0d8cc489192ed88;artifact/src/run_all.py=a016d98d22bd0a3456aa96398819e97c1aa6eff5b27b5cd8e9c366e9c3eeb6d8;artifact/tests/test_woc.py=920e2a3b1fcd42e1eabcd09dff7017473f2b3d11c256b2eaa3224929f293737a;artifact/tests/test_witness_boundaries.py=e139984e1c127e79c3c771e16c18062c690a15a7d1af039bcbfbc016688da3ff;artifact/tests/test_package_integrity.py=1fdea6630c0f97f7318aa8b2c70ee4ecbed62c0d6bd15e9cc7f10b67001bc06b;artifact/run-tests.sh=3db8b38ee8dfc3a43e49157773f03511daeac09e34cfd450de696e15e7780228;artifact/run-package-checks.sh=57d9e8d34787cf81f7f5dfcebd0996efc21c9ab2363130c3e0981a3c8728d51d;artifact/run-all-checks.sh=d9286e1ca848339df7da5c5fa1b30d8790527a7c4c2736c7deae1c6e922e605d,artifact/raw/results.json,Current run and direct validation,VERIFIED
R068,Positive concrete witnesses independently validated,46,witnesses,./run-tests.sh,3.13.5,artifact/src/woc.py=05940feb15aa478f9bc36f8050eab9291130b2fac0f58783a0d8cc489192ed88;artifact/src/run_all.py=a016d98d22bd0a3456aa96398819e97c1aa6eff5b27b5cd8e9c366e9c3eeb6d8;artifact/tests/test_woc.py=920e2a3b1fcd42e1eabcd09dff7017473f2b3d11c256b2eaa3224929f293737a;artifact/tests/test_witness_boundaries.py=e139984e1c127e79c3c771e16c18062c690a15a7d1af039bcbfbc016688da3ff;artifact/tests/test_package_integrity.py=1fdea6630c0f97f7318aa8b2c70ee4ecbed62c0d6bd15e9cc7f10b67001bc06b;artifact/run-tests.sh=3db8b38ee8dfc3a43e49157773f03511daeac09e34cfd450de696e15e7780228;artifact/run-package-checks.sh=57d9e8d34787cf81f7f5dfcebd0996efc21c9ab2363130c3e0981a3c8728d51d;artifact/run-all-checks.sh=d9286e1ca848339df7da5c5fa1b30d8790527a7c4c2736c7deae1c6e922e605d,artifact/raw/results.json,Current run and direct validation,VERIFIED
R069,Negative witness-trial instances,274,instances,./run-tests.sh,3.13.5,artifact/src/woc.py=05940feb15aa478f9bc36f8050eab9291130b2fac0f58783a0d8cc489192ed88;artifact/src/run_all.py=a016d98d22bd0a3456aa96398819e97c1aa6eff5b27b5cd8e9c366e9c3eeb6d8;artifact/tests/test_woc.py=920e2a3b1fcd42e1eabcd09dff7017473f2b3d11c256b2eaa3224929f293737a;artifact/tests/test_witness_boundaries.py=e139984e1c127e79c3c771e16c18062c690a15a7d1af039bcbfbc016688da3ff;artifact/tests/test_package_integrity.py=1fdea6630c0f97f7318aa8b2c70ee4ecbed62c0d6bd15e9cc7f10b67001bc06b;artifact/run-tests.sh=3db8b38ee8dfc3a43e49157773f03511daeac09e34cfd450de696e15e7780228;artifact/run-package-checks.sh=57d9e8d34787cf81f7f5dfcebd0996efc21c9ab2363130c3e0981a3c8728d51d;artifact/run-all-checks.sh=d9286e1ca848339df7da5c5fa1b30d8790527a7c4c2736c7deae1c6e922e605d,artifact/raw/results.json,Current run and direct validation,VERIFIED
R070,Unfiltered stress instances over three to five programs,240,instances,./run-tests.sh,CPython 3.13.5 standard library; TeX Live 2025/dev where applicable,artifact/src/woc.py=05940feb15aa478f9bc36f8050eab9291130b2fac0f58783a0d8cc489192ed88;artifact/src/run_all.py=a016d98d22bd0a3456aa96398819e97c1aa6eff5b27b5cd8e9c366e9c3eeb6d8;artifact/tests/test_woc.py=920e2a3b1fcd42e1eabcd09dff7017473f2b3d11c256b2eaa3224929f293737a;artifact/tests/test_witness_boundaries.py=e139984e1c127e79c3c771e16c18062c690a15a7d1af039bcbfbc016688da3ff;artifact/tests/test_package_integrity.py=1fdea6630c0f97f7318aa8b2c70ee4ecbed62c0d6bd15e9cc7f10b67001bc06b;artifact/run-tests.sh=3db8b38ee8dfc3a43e49157773f03511daeac09e34cfd450de696e15e7780228;artifact/run-package-checks.sh=57d9e8d34787cf81f7f5dfcebd0996efc21c9ab2363130c3e0981a3c8728d51d;artifact/run-all-checks.sh=d9286e1ca848339df7da5c5fa1b30d8790527a7c4c2736c7deae1c6e922e605d,artifact/raw/results.json,deterministic seed; no filtering by feasibility outcome,VERIFIED
R071,General stress verdicts agreeing with direct program oracle,240,agreements,./run-tests.sh,CPython 3.13.5 standard library; TeX Live 2025/dev where applicable,artifact/src/woc.py=05940feb15aa478f9bc36f8050eab9291130b2fac0f58783a0d8cc489192ed88;artifact/src/run_all.py=a016d98d22bd0a3456aa96398819e97c1aa6eff5b27b5cd8e9c366e9c3eeb6d8;artifact/tests/test_woc.py=920e2a3b1fcd42e1eabcd09dff7017473f2b3d11c256b2eaa3224929f293737a;artifact/tests/test_witness_boundaries.py=e139984e1c127e79c3c771e16c18062c690a15a7d1af039bcbfbc016688da3ff;artifact/tests/test_package_integrity.py=1fdea6630c0f97f7318aa8b2c70ee4ecbed62c0d6bd15e9cc7f10b67001bc06b;artifact/run-tests.sh=3db8b38ee8dfc3a43e49157773f03511daeac09e34cfd450de696e15e7780228;artifact/run-package-checks.sh=57d9e8d34787cf81f7f5dfcebd0996efc21c9ab2363130c3e0981a3c8728d51d;artifact/run-all-checks.sh=d9286e1ca848339df7da5c5fa1b30d8790527a7c4c2736c7deae1c6e922e605d,artifact/raw/results.json,hypergraph classification versus direct element-level labeling,VERIFIED
R072,Access stress verdicts agreeing with direct source/output oracle,240,agreements,./run-tests.sh,CPython 3.13.5 standard library; TeX Live 2025/dev where applicable,artifact/src/woc.py=05940feb15aa478f9bc36f8050eab9291130b2fac0f58783a0d8cc489192ed88;artifact/src/run_all.py=a016d98d22bd0a3456aa96398819e97c1aa6eff5b27b5cd8e9c366e9c3eeb6d8;artifact/tests/test_woc.py=920e2a3b1fcd42e1eabcd09dff7017473f2b3d11c256b2eaa3224929f293737a;artifact/tests/test_witness_boundaries.py=e139984e1c127e79c3c771e16c18062c690a15a7d1af039bcbfbc016688da3ff;artifact/tests/test_package_integrity.py=1fdea6630c0f97f7318aa8b2c70ee4ecbed62c0d6bd15e9cc7f10b67001bc06b;artifact/run-tests.sh=3db8b38ee8dfc3a43e49157773f03511daeac09e34cfd450de696e15e7780228;artifact/run-package-checks.sh=57d9e8d34787cf81f7f5dfcebd0996efc21c9ab2363130c3e0981a3c8728d51d;artifact/run-all-checks.sh=d9286e1ca848339df7da5c5fa1b30d8790527a7c4c2736c7deae1c6e922e605d,artifact/raw/results.json,access hypergraph classification versus direct source/output search,VERIFIED
R073,Positive stress witnesses constructed and independently validated,13,witnesses,./run-tests.sh,CPython 3.13.5 standard library; TeX Live 2025/dev where applicable,artifact/src/woc.py=05940feb15aa478f9bc36f8050eab9291130b2fac0f58783a0d8cc489192ed88;artifact/src/run_all.py=a016d98d22bd0a3456aa96398819e97c1aa6eff5b27b5cd8e9c366e9c3eeb6d8;artifact/tests/test_woc.py=920e2a3b1fcd42e1eabcd09dff7017473f2b3d11c256b2eaa3224929f293737a;artifact/tests/test_witness_boundaries.py=e139984e1c127e79c3c771e16c18062c690a15a7d1af039bcbfbc016688da3ff;artifact/tests/test_package_integrity.py=1fdea6630c0f97f7318aa8b2c70ee4ecbed62c0d6bd15e9cc7f10b67001bc06b;artifact/run-tests.sh=3db8b38ee8dfc3a43e49157773f03511daeac09e34cfd450de696e15e7780228;artifact/run-package-checks.sh=57d9e8d34787cf81f7f5dfcebd0996efc21c9ab2363130c3e0981a3c8728d51d;artifact/run-all-checks.sh=d9286e1ca848339df7da5c5fa1b30d8790527a7c4c2736c7deae1c6e922e605d,artifact/raw/results.json,all positive stress instances return source-wise encoder/decoder witnesses,VERIFIED
R074,Scientific code executable-line coverage,90.62,percent,./run-tests.sh,CPython 3.13.5 standard library; TeX Live 2025/dev where applicable,artifact/src/woc.py=05940feb15aa478f9bc36f8050eab9291130b2fac0f58783a0d8cc489192ed88;artifact/src/run_all.py=a016d98d22bd0a3456aa96398819e97c1aa6eff5b27b5cd8e9c366e9c3eeb6d8;artifact/tests/test_woc.py=920e2a3b1fcd42e1eabcd09dff7017473f2b3d11c256b2eaa3224929f293737a;artifact/tests/test_witness_boundaries.py=e139984e1c127e79c3c771e16c18062c690a15a7d1af039bcbfbc016688da3ff;artifact/tests/test_package_integrity.py=1fdea6630c0f97f7318aa8b2c70ee4ecbed62c0d6bd15e9cc7f10b67001bc06b;artifact/run-tests.sh=3db8b38ee8dfc3a43e49157773f03511daeac09e34cfd450de696e15e7780228;artifact/run-package-checks.sh=57d9e8d34787cf81f7f5dfcebd0996efc21c9ab2363130c3e0981a3c8728d51d;artifact/run-all-checks.sh=d9286e1ca848339df7da5c5fa1b30d8790527a7c4c2736c7deae1c6e922e605d,artifact/code-quality-audit.json,scientific tests plus run_all; engineering metric only,VERIFIED_ENGINEERING_METRIC
R075,Self-contained scientific tests,56,tests,./run-tests.sh,CPython 3.13.5 standard library plus Bash/core utilities,artifact/src/woc.py=05940feb15aa478f9bc36f8050eab9291130b2fac0f58783a0d8cc489192ed88;artifact/src/run_all.py=a016d98d22bd0a3456aa96398819e97c1aa6eff5b27b5cd8e9c366e9c3eeb6d8;artifact/tests/test_woc.py=920e2a3b1fcd42e1eabcd09dff7017473f2b3d11c256b2eaa3224929f293737a;artifact/tests/test_witness_boundaries.py=e139984e1c127e79c3c771e16c18062c690a15a7d1af039bcbfbc016688da3ff;artifact/tests/test_package_integrity.py=1fdea6630c0f97f7318aa8b2c70ee4ecbed62c0d6bd15e9cc7f10b67001bc06b;artifact/run-tests.sh=3db8b38ee8dfc3a43e49157773f03511daeac09e34cfd450de696e15e7780228;artifact/run-package-checks.sh=57d9e8d34787cf81f7f5dfcebd0996efc21c9ab2363130c3e0981a3c8728d51d;artifact/run-all-checks.sh=d9286e1ca848339df7da5c5fa1b30d8790527a7c4c2736c7deae1c6e922e605d,artifact/raw/run_stderr.txt,artifact-only clean copy; deterministic scientific outputs and SHA256SUMS,VERIFIED
R076,Full-project integrity tests,8,tests,./run-package-checks.sh,Complete TOPLAS-19 tree; CPython 3.13.5; Poppler pdfinfo/pdftotext,artifact/src/woc.py=05940feb15aa478f9bc36f8050eab9291130b2fac0f58783a0d8cc489192ed88;artifact/src/run_all.py=a016d98d22bd0a3456aa96398819e97c1aa6eff5b27b5cd8e9c366e9c3eeb6d8;artifact/tests/test_woc.py=920e2a3b1fcd42e1eabcd09dff7017473f2b3d11c256b2eaa3224929f293737a;artifact/tests/test_witness_boundaries.py=e139984e1c127e79c3c771e16c18062c690a15a7d1af039bcbfbc016688da3ff;artifact/tests/test_package_integrity.py=1fdea6630c0f97f7318aa8b2c70ee4ecbed62c0d6bd15e9cc7f10b67001bc06b;artifact/run-tests.sh=3db8b38ee8dfc3a43e49157773f03511daeac09e34cfd450de696e15e7780228;artifact/run-package-checks.sh=57d9e8d34787cf81f7f5dfcebd0996efc21c9ab2363130c3e0981a3c8728d51d;artifact/run-all-checks.sh=d9286e1ca848339df7da5c5fa1b30d8790527a7c4c2736c7deae1c6e922e605d,artifact/tests/test_package_integrity.py,"full tree, paper/PDF/citation/statement/manifest checks",VERIFIED
