paper_id,title,authors,year,venue,doi,calibration_role,topic_relevance,access_level,body_pages,reference_pages,total_pages,section_depth,reference_count,equations,algorithms,figures,tables,appendix_or_supplement,introduction_moves,evaluation_order,formalism,artifact_strength,reviewer_attack_surfaces,evidence_status
SV01,"Locally Abstract, Globally Concrete Semantics of Concurrent Programming Languages",Crystal Chang Din; Reiner Hähnle; Ludovic Henrio; Einar Broch Johnsen; Violet Ka I Pun; Silvia Lizeth Tapia Tarifa,2024,ACM Transactions on Programming Languages and Systems,10.1145/3648439,closest_recent_same_venue,formal semantics; concurrency; program logic,FINAL_PUBLISHED_REFERENCE_LIST_INSPECTED,NOT_USED_FOR_REFERENCE_STATISTIC,NOT_USED_FOR_REFERENCE_STATISTIC,PUBLISHER_METADATA_RECORDED,NOT_USED_FOR_REFERENCE_STATISTIC,89,NOT_USED_FOR_REFERENCE_STATISTIC,NOT_USED_FOR_REFERENCE_STATISTIC,NOT_USED_FOR_REFERENCE_STATISTIC,NOT_USED_FOR_REFERENCE_STATISTIC,NOT_USED_FOR_REFERENCE_STATISTIC,problem; semantic mechanism; metatheory/boundary; consequences,THEORY_DEPENDENT,FORMAL_SEMANTICS_OR_METATHEORY,VARIES_BY_ARTICLE,assumptions; proof completeness; boundary precision; artifact alignment,VERIFIED_FINAL_NUMBERED_REFERENCE_LIST; terminal_reference_label=89; DOI=10.1145/3648439
SV02,Interactive Abstract Interpretation with Demanded Summarization,Benno Stein; Bor-Yuh Evan Chang; Manu Sridharan,2024,ACM Transactions on Programming Languages and Systems,10.1145/3648441,closest_recent_same_venue,abstract interpretation; metatheory; executable evaluation,FINAL_PUBLISHED_REFERENCE_LIST_INSPECTED,NOT_USED_FOR_REFERENCE_STATISTIC,NOT_USED_FOR_REFERENCE_STATISTIC,PUBLISHER_METADATA_RECORDED,NOT_USED_FOR_REFERENCE_STATISTIC,88,NOT_USED_FOR_REFERENCE_STATISTIC,NOT_USED_FOR_REFERENCE_STATISTIC,NOT_USED_FOR_REFERENCE_STATISTIC,NOT_USED_FOR_REFERENCE_STATISTIC,NOT_USED_FOR_REFERENCE_STATISTIC,problem; semantic mechanism; metatheory/boundary; consequences,THEORY_DEPENDENT,FORMAL_SEMANTICS_OR_METATHEORY,VARIES_BY_ARTICLE,assumptions; proof completeness; boundary precision; artifact alignment,VERIFIED_FINAL_NUMBERED_REFERENCE_LIST; terminal_reference_label=88; DOI=10.1145/3648441
SV03,Proving Correctness of Parallel Implementations of Transition System Models,Frank S. de Boer; Einar Broch Johnsen; Violet Ka I Pun; Silvia Lizeth Tapia Tarifa,2024,ACM Transactions on Programming Languages and Systems,10.1145/3660630,closest_recent_same_venue,semantic refinement; simulation; correctness,FINAL_PUBLISHED_REFERENCE_LIST_INSPECTED,NOT_USED_FOR_REFERENCE_STATISTIC,NOT_USED_FOR_REFERENCE_STATISTIC,PUBLISHER_METADATA_RECORDED,NOT_USED_FOR_REFERENCE_STATISTIC,60,NOT_USED_FOR_REFERENCE_STATISTIC,NOT_USED_FOR_REFERENCE_STATISTIC,NOT_USED_FOR_REFERENCE_STATISTIC,NOT_USED_FOR_REFERENCE_STATISTIC,NOT_USED_FOR_REFERENCE_STATISTIC,problem; semantic mechanism; metatheory/boundary; consequences,THEORY_DEPENDENT,FORMAL_SEMANTICS_OR_METATHEORY,VARIES_BY_ARTICLE,assumptions; proof completeness; boundary precision; artifact alignment,VERIFIED_FINAL_NUMBERED_REFERENCE_LIST; terminal_reference_label=60; DOI=10.1145/3660630
SV04,Modal Crash Types for WAR-Aware Intermittent Computing,Myra Dotzel; Farzaneh Derakhshan; Milijana Surbatovich; Limin Jia,2025,ACM Transactions on Programming Languages and Systems,10.1145/3716311,closest_recent_same_venue,type semantics; logical relations; correctness boundaries,FINAL_PUBLISHED_REFERENCE_LIST_INSPECTED,NOT_USED_FOR_REFERENCE_STATISTIC,NOT_USED_FOR_REFERENCE_STATISTIC,PUBLISHER_METADATA_RECORDED,NOT_USED_FOR_REFERENCE_STATISTIC,64,NOT_USED_FOR_REFERENCE_STATISTIC,NOT_USED_FOR_REFERENCE_STATISTIC,NOT_USED_FOR_REFERENCE_STATISTIC,NOT_USED_FOR_REFERENCE_STATISTIC,NOT_USED_FOR_REFERENCE_STATISTIC,problem; semantic mechanism; metatheory/boundary; consequences,THEORY_DEPENDENT,FORMAL_SEMANTICS_OR_METATHEORY,VARIES_BY_ARTICLE,assumptions; proof completeness; boundary precision; artifact alignment,VERIFIED_FINAL_NUMBERED_REFERENCE_LIST; terminal_reference_label=64; DOI=10.1145/3716311
SV05,"Scoped Effects, Scoped Operations, and Parameterized Algebraic Theories",Cristina Matache; Sam Lindley; Sean Moss; Sam Staton; Nicolas Wu; Zhixuan Yang,2025,ACM Transactions on Programming Languages and Systems,10.1145/3731678,closest_recent_same_venue,equational semantics; algebraic theories,FINAL_PUBLISHED_REFERENCE_LIST_INSPECTED,NOT_USED_FOR_REFERENCE_STATISTIC,NOT_USED_FOR_REFERENCE_STATISTIC,PUBLISHER_METADATA_RECORDED,NOT_USED_FOR_REFERENCE_STATISTIC,46,NOT_USED_FOR_REFERENCE_STATISTIC,NOT_USED_FOR_REFERENCE_STATISTIC,NOT_USED_FOR_REFERENCE_STATISTIC,NOT_USED_FOR_REFERENCE_STATISTIC,NOT_USED_FOR_REFERENCE_STATISTIC,problem; semantic mechanism; metatheory/boundary; consequences,THEORY_DEPENDENT,FORMAL_SEMANTICS_OR_METATHEORY,VARIES_BY_ARTICLE,assumptions; proof completeness; boundary precision; artifact alignment,VERIFIED_FINAL_NUMBERED_REFERENCE_LIST; terminal_reference_label=46; DOI=10.1145/3731678
SV06,Outcome Logic: A Unified Approach to the Metatheory of Program Logics with Branching Effects,Noam Zilberstein,2025,ACM Transactions on Programming Languages and Systems,10.1145/3743131,closest_recent_same_venue,program logic metatheory; completeness boundaries,FINAL_PUBLISHED_REFERENCE_LIST_INSPECTED,NOT_USED_FOR_REFERENCE_STATISTIC,NOT_USED_FOR_REFERENCE_STATISTIC,PUBLISHER_METADATA_RECORDED,NOT_USED_FOR_REFERENCE_STATISTIC,95,NOT_USED_FOR_REFERENCE_STATISTIC,NOT_USED_FOR_REFERENCE_STATISTIC,NOT_USED_FOR_REFERENCE_STATISTIC,NOT_USED_FOR_REFERENCE_STATISTIC,NOT_USED_FOR_REFERENCE_STATISTIC,problem; semantic mechanism; metatheory/boundary; consequences,THEORY_DEPENDENT,FORMAL_SEMANTICS_OR_METATHEORY,VARIES_BY_ARTICLE,assumptions; proof completeness; boundary precision; artifact alignment,VERIFIED_FINAL_NUMBERED_REFERENCE_LIST; terminal_reference_label=95; DOI=10.1145/3743131
SV07,Universal Composability Is Robust Compilation,Marco Patrignani; Robert Künnemann; Riad S. Wahby; Ethan Cecchetti,2024,ACM Transactions on Programming Languages and Systems,10.1145/3698234,closest_recent_same_venue,observational security; robust compilation; hyperproperties,FINAL_PUBLISHED_REFERENCE_LIST_INSPECTED,NOT_USED_FOR_REFERENCE_STATISTIC,NOT_USED_FOR_REFERENCE_STATISTIC,PUBLISHER_METADATA_RECORDED,NOT_USED_FOR_REFERENCE_STATISTIC,88,NOT_USED_FOR_REFERENCE_STATISTIC,NOT_USED_FOR_REFERENCE_STATISTIC,NOT_USED_FOR_REFERENCE_STATISTIC,NOT_USED_FOR_REFERENCE_STATISTIC,NOT_USED_FOR_REFERENCE_STATISTIC,problem; semantic mechanism; metatheory/boundary; consequences,THEORY_DEPENDENT,FORMAL_SEMANTICS_OR_METATHEORY,VARIES_BY_ARTICLE,assumptions; proof completeness; boundary precision; artifact alignment,VERIFIED_FINAL_NUMBERED_REFERENCE_LIST; terminal_reference_label=88; DOI=10.1145/3698234
SV08,A Modular Approach to Metatheoretic Reasoning for Extensible Languages,Dawn Michaelson; Gopalan Nadathur; Eric Van Wyk,2025,ACM Transactions on Programming Languages and Systems,10.1145/3731555,closest_recent_same_venue,modular metatheory; proof decomposition,FINAL_PUBLISHED_REFERENCE_LIST_INSPECTED,NOT_USED_FOR_REFERENCE_STATISTIC,NOT_USED_FOR_REFERENCE_STATISTIC,PUBLISHER_METADATA_RECORDED,NOT_USED_FOR_REFERENCE_STATISTIC,20,NOT_USED_FOR_REFERENCE_STATISTIC,NOT_USED_FOR_REFERENCE_STATISTIC,NOT_USED_FOR_REFERENCE_STATISTIC,NOT_USED_FOR_REFERENCE_STATISTIC,NOT_USED_FOR_REFERENCE_STATISTIC,problem; semantic mechanism; metatheory/boundary; consequences,THEORY_DEPENDENT,FORMAL_SEMANTICS_OR_METATHEORY,VARIES_BY_ARTICLE,assumptions; proof completeness; boundary precision; artifact alignment,VERIFIED_FINAL_NUMBERED_REFERENCE_LIST; terminal_reference_label=20; DOI=10.1145/3731555
SV09,Polynomial Bounds of CFLOBDDs against BDDs,Xusheng Zhi; Thomas Reps,2025,ACM Transactions on Programming Languages and Systems,10.1145/3716313,closest_recent_same_venue,formal lower and upper bounds; exact asymptotics,FINAL_PUBLISHED_REFERENCE_LIST_INSPECTED,NOT_USED_FOR_REFERENCE_STATISTIC,NOT_USED_FOR_REFERENCE_STATISTIC,PUBLISHER_METADATA_RECORDED,NOT_USED_FOR_REFERENCE_STATISTIC,27,NOT_USED_FOR_REFERENCE_STATISTIC,NOT_USED_FOR_REFERENCE_STATISTIC,NOT_USED_FOR_REFERENCE_STATISTIC,NOT_USED_FOR_REFERENCE_STATISTIC,NOT_USED_FOR_REFERENCE_STATISTIC,problem; semantic mechanism; metatheory/boundary; consequences,THEORY_DEPENDENT,FORMAL_SEMANTICS_OR_METATHEORY,VARIES_BY_ARTICLE,assumptions; proof completeness; boundary precision; artifact alignment,VERIFIED_FINAL_NUMBERED_REFERENCE_LIST; terminal_reference_label=27; DOI=10.1145/3716313
SV10,Generic Bidirectional Typing for Dependent Type Theories,Thiago Felicissimo,2025,ACM Transactions on Programming Languages and Systems,10.1145/3715095,closest_recent_same_venue,generic metatheory; executable checker,FINAL_PUBLISHED_REFERENCE_LIST_INSPECTED,NOT_USED_FOR_REFERENCE_STATISTIC,NOT_USED_FOR_REFERENCE_STATISTIC,PUBLISHER_METADATA_RECORDED,NOT_USED_FOR_REFERENCE_STATISTIC,63,NOT_USED_FOR_REFERENCE_STATISTIC,NOT_USED_FOR_REFERENCE_STATISTIC,NOT_USED_FOR_REFERENCE_STATISTIC,NOT_USED_FOR_REFERENCE_STATISTIC,NOT_USED_FOR_REFERENCE_STATISTIC,problem; semantic mechanism; metatheory/boundary; consequences,THEORY_DEPENDENT,FORMAL_SEMANTICS_OR_METATHEORY,VARIES_BY_ARTICLE,assumptions; proof completeness; boundary precision; artifact alignment,VERIFIED_FINAL_NUMBERED_REFERENCE_LIST; terminal_reference_label=63; DOI=10.1145/3715095
SV11,Observational Equality Meets CIC,Loïc Pujet; Yann Leray; Nicolas Tabareau,2025,ACM Transactions on Programming Languages and Systems,10.1145/3719342,closest_recent_same_venue,observational equality; logical relations,FINAL_PUBLISHED_REFERENCE_LIST_INSPECTED,NOT_USED_FOR_REFERENCE_STATISTIC,NOT_USED_FOR_REFERENCE_STATISTIC,PUBLISHER_METADATA_RECORDED,NOT_USED_FOR_REFERENCE_STATISTIC,32,NOT_USED_FOR_REFERENCE_STATISTIC,NOT_USED_FOR_REFERENCE_STATISTIC,NOT_USED_FOR_REFERENCE_STATISTIC,NOT_USED_FOR_REFERENCE_STATISTIC,NOT_USED_FOR_REFERENCE_STATISTIC,problem; semantic mechanism; metatheory/boundary; consequences,THEORY_DEPENDENT,FORMAL_SEMANTICS_OR_METATHEORY,VARIES_BY_ARTICLE,assumptions; proof completeness; boundary precision; artifact alignment,VERIFIED_FINAL_NUMBERED_REFERENCE_LIST; terminal_reference_label=32; DOI=10.1145/3719342
SV12,A Layered Approach to Intensional Analysis in Type Theory,Jason Z. S. Hu; Brigitte Pientka,2024,ACM Transactions on Programming Languages and Systems,10.1145/3707203,closest_recent_same_venue,intensional observation; type-theoretic semantics,FINAL_PUBLISHED_REFERENCE_LIST_INSPECTED,NOT_USED_FOR_REFERENCE_STATISTIC,NOT_USED_FOR_REFERENCE_STATISTIC,PUBLISHER_METADATA_RECORDED,NOT_USED_FOR_REFERENCE_STATISTIC,59,NOT_USED_FOR_REFERENCE_STATISTIC,NOT_USED_FOR_REFERENCE_STATISTIC,NOT_USED_FOR_REFERENCE_STATISTIC,NOT_USED_FOR_REFERENCE_STATISTIC,NOT_USED_FOR_REFERENCE_STATISTIC,problem; semantic mechanism; metatheory/boundary; consequences,THEORY_DEPENDENT,FORMAL_SEMANTICS_OR_METATHEORY,VARIES_BY_ARTICLE,assumptions; proof completeness; boundary precision; artifact alignment,VERIFIED_FINAL_NUMBERED_REFERENCE_LIST; terminal_reference_label=59; DOI=10.1145/3707203
HV01,A Fast Algorithm for Finding Dominators in a Flowgraph,Lengauer and Tarjan,1979,ACM Transactions on Programming Languages and Systems,10.1145/357062.357071,high_visibility_same_venue_substitute,Classic algorithm/proof/evaluation calibration,METADATA_AND_ABSTRACT,NOT_RELIABLY_SEPARATED,NOT_RELIABLY_SEPARATED,21,NOT_MEASURED_FULL_TEXT_SHORTFALL,NOT_MEASURED_FULL_TEXT_SHORTFALL,NOT_MEASURED_FULL_TEXT_SHORTFALL,NOT_MEASURED_FULL_TEXT_SHORTFALL,NOT_MEASURED_FULL_TEXT_SHORTFALL,NOT_MEASURED_FULL_TEXT_SHORTFALL,NOT_MEASURED_FULL_TEXT_SHORTFALL,problem/context; stated semantic or systems contribution (abstract-level only),NOT_MEASURED_FULL_TEXT_SHORTFALL,abstract-level classification only,NOT_MEASURED_FULL_TEXT_SHORTFALL,assumption scope; relation to concrete languages; proof/evaluation completeness,METADATA_COMPLETE_STRUCTURE_UNMEASURED
HV02,Improving Data Locality with Loop Transformations,"McKinley, Carr, and Tseng",1996,ACM Transactions on Programming Languages and Systems,10.1145/233561.233564,high_visibility_same_venue_substitute,Classic transformation/evaluation calibration,METADATA_AND_ABSTRACT,NOT_RELIABLY_SEPARATED,NOT_RELIABLY_SEPARATED,30,NOT_MEASURED_FULL_TEXT_SHORTFALL,NOT_MEASURED_FULL_TEXT_SHORTFALL,NOT_MEASURED_FULL_TEXT_SHORTFALL,NOT_MEASURED_FULL_TEXT_SHORTFALL,NOT_MEASURED_FULL_TEXT_SHORTFALL,NOT_MEASURED_FULL_TEXT_SHORTFALL,NOT_MEASURED_FULL_TEXT_SHORTFALL,problem/context; stated semantic or systems contribution (abstract-level only),NOT_MEASURED_FULL_TEXT_SHORTFALL,abstract-level classification only,NOT_MEASURED_FULL_TEXT_SHORTFALL,assumption scope; relation to concrete languages; proof/evaluation completeness,METADATA_COMPLETE_STRUCTURE_UNMEASURED
HV03,A Practical Soft Type System for Scheme,Wright and Cartwright,1997,ACM Transactions on Programming Languages and Systems,10.1145/239912.239917,high_visibility_same_venue_substitute,Classic language-system formalism and implementation calibration,METADATA_AND_ABSTRACT,NOT_RELIABLY_SEPARATED,NOT_RELIABLY_SEPARATED,66,NOT_MEASURED_FULL_TEXT_SHORTFALL,NOT_MEASURED_FULL_TEXT_SHORTFALL,NOT_MEASURED_FULL_TEXT_SHORTFALL,NOT_MEASURED_FULL_TEXT_SHORTFALL,NOT_MEASURED_FULL_TEXT_SHORTFALL,NOT_MEASURED_FULL_TEXT_SHORTFALL,NOT_MEASURED_FULL_TEXT_SHORTFALL,problem/context; stated semantic or systems contribution (abstract-level only),NOT_MEASURED_FULL_TEXT_SHORTFALL,abstract-level classification only,NOT_MEASURED_FULL_TEXT_SHORTFALL,assumption scope; relation to concrete languages; proof/evaluation completeness,METADATA_COMPLETE_STRUCTURE_UNMEASURED
HV04,The Pattern Calculus,Jay,2004,ACM Transactions on Programming Languages and Systems,10.1145/1034774.1034775,high_visibility_same_venue_substitute,Language calculus and metatheory calibration,METADATA_AND_ABSTRACT,NOT_RELIABLY_SEPARATED,NOT_RELIABLY_SEPARATED,27,NOT_MEASURED_FULL_TEXT_SHORTFALL,NOT_MEASURED_FULL_TEXT_SHORTFALL,NOT_MEASURED_FULL_TEXT_SHORTFALL,NOT_MEASURED_FULL_TEXT_SHORTFALL,NOT_MEASURED_FULL_TEXT_SHORTFALL,NOT_MEASURED_FULL_TEXT_SHORTFALL,NOT_MEASURED_FULL_TEXT_SHORTFALL,problem/context; stated semantic or systems contribution (abstract-level only),NOT_MEASURED_FULL_TEXT_SHORTFALL,abstract-level classification only,NOT_MEASURED_FULL_TEXT_SHORTFALL,assumption scope; relation to concrete languages; proof/evaluation completeness,METADATA_COMPLETE_STRUCTURE_UNMEASURED
HV05,Type-Safe Linking with Recursive DLLs and Shared Libraries,Duggan,2002,ACM Transactions on Programming Languages and Systems,10.1145/586088.586093,high_visibility_same_venue_substitute,Semantics and type-safety journal-depth calibration,METADATA_AND_ABSTRACT,NOT_RELIABLY_SEPARATED,NOT_RELIABLY_SEPARATED,94,NOT_MEASURED_FULL_TEXT_SHORTFALL,NOT_MEASURED_FULL_TEXT_SHORTFALL,NOT_MEASURED_FULL_TEXT_SHORTFALL,NOT_MEASURED_FULL_TEXT_SHORTFALL,NOT_MEASURED_FULL_TEXT_SHORTFALL,NOT_MEASURED_FULL_TEXT_SHORTFALL,NOT_MEASURED_FULL_TEXT_SHORTFALL,problem/context; stated semantic or systems contribution (abstract-level only),NOT_MEASURED_FULL_TEXT_SHORTFALL,abstract-level classification only,NOT_MEASURED_FULL_TEXT_SHORTFALL,assumption scope; relation to concrete languages; proof/evaluation completeness,METADATA_COMPLETE_STRUCTURE_UNMEASURED
ADJ01,Software Watermarking: Models and Dynamic Embeddings,Collberg and Thomborson,1999,Proceedings of POPL,10.1145/292540.292569,adjacent_top_venue,foundational watermark model,METADATA_AND_ABSTRACT,NOT_RELIABLY_SEPARATED,NOT_RELIABLY_SEPARATED,14,NOT_MEASURED_FULL_TEXT_SHORTFALL,NOT_MEASURED_FULL_TEXT_SHORTFALL,NOT_MEASURED_FULL_TEXT_SHORTFALL,NOT_MEASURED_FULL_TEXT_SHORTFALL,NOT_MEASURED_FULL_TEXT_SHORTFALL,NOT_MEASURED_FULL_TEXT_SHORTFALL,NOT_MEASURED_FULL_TEXT_SHORTFALL,problem/context; stated semantic or systems contribution (abstract-level only),NOT_MEASURED_FULL_TEXT_SHORTFALL,abstract-level classification only,NOT_MEASURED_FULL_TEXT_SHORTFALL,assumption scope; relation to concrete languages; proof/evaluation completeness,METADATA_COMPLETE_STRUCTURE_UNMEASURED
ADJ02,An Abstract Interpretation-Based Framework for Software Watermarking,Cousot and Cousot,2004,Proceedings of POPL,10.1145/964001.964016,adjacent_top_venue,closest semantics-based watermark framework,METADATA_AND_ABSTRACT,NOT_RELIABLY_SEPARATED,NOT_RELIABLY_SEPARATED,13,NOT_MEASURED_FULL_TEXT_SHORTFALL,NOT_MEASURED_FULL_TEXT_SHORTFALL,NOT_MEASURED_FULL_TEXT_SHORTFALL,NOT_MEASURED_FULL_TEXT_SHORTFALL,NOT_MEASURED_FULL_TEXT_SHORTFALL,NOT_MEASURED_FULL_TEXT_SHORTFALL,NOT_MEASURED_FULL_TEXT_SHORTFALL,problem/context; stated semantic or systems contribution (abstract-level only),NOT_MEASURED_FULL_TEXT_SHORTFALL,abstract-level classification only,NOT_MEASURED_FULL_TEXT_SHORTFALL,assumption scope; relation to concrete languages; proof/evaluation completeness,METADATA_COMPLETE_STRUCTURE_UNMEASURED
ADJ03,Abstract Interpretation: A Unified Lattice Model for Static Analysis,Cousot and Cousot,1977,Proceedings of POPL,10.1145/512950.512973,adjacent_top_venue,foundational abstraction framework,METADATA_AND_ABSTRACT,NOT_RELIABLY_SEPARATED,NOT_RELIABLY_SEPARATED,15,NOT_MEASURED_FULL_TEXT_SHORTFALL,NOT_MEASURED_FULL_TEXT_SHORTFALL,NOT_MEASURED_FULL_TEXT_SHORTFALL,NOT_MEASURED_FULL_TEXT_SHORTFALL,NOT_MEASURED_FULL_TEXT_SHORTFALL,NOT_MEASURED_FULL_TEXT_SHORTFALL,NOT_MEASURED_FULL_TEXT_SHORTFALL,problem/context; stated semantic or systems contribution (abstract-level only),NOT_MEASURED_FULL_TEXT_SHORTFALL,abstract-level classification only,NOT_MEASURED_FULL_TEXT_SHORTFALL,assumption scope; relation to concrete languages; proof/evaluation completeness,METADATA_COMPLETE_STRUCTURE_UNMEASURED
ADJ04,Systematic Design of Program Transformation Frameworks by Abstract Interpretation,Cousot and Cousot,2002,Proceedings of POPL,10.1145/503272.503290,adjacent_top_venue,semantics-preserving transformation framework,METADATA_AND_ABSTRACT,NOT_RELIABLY_SEPARATED,NOT_RELIABLY_SEPARATED,13,NOT_MEASURED_FULL_TEXT_SHORTFALL,NOT_MEASURED_FULL_TEXT_SHORTFALL,NOT_MEASURED_FULL_TEXT_SHORTFALL,NOT_MEASURED_FULL_TEXT_SHORTFALL,NOT_MEASURED_FULL_TEXT_SHORTFALL,NOT_MEASURED_FULL_TEXT_SHORTFALL,NOT_MEASURED_FULL_TEXT_SHORTFALL,problem/context; stated semantic or systems contribution (abstract-level only),NOT_MEASURED_FULL_TEXT_SHORTFALL,abstract-level classification only,NOT_MEASURED_FULL_TEXT_SHORTFALL,assumption scope; relation to concrete languages; proof/evaluation completeness,METADATA_COMPLETE_STRUCTURE_UNMEASURED
ADJ05,Simple Relational Correctness Proofs for Static Analyses and Program Transformations,Benton,2004,Proceedings of POPL,10.1145/964001.964003,adjacent_top_venue,relational transformation correctness,METADATA_AND_ABSTRACT,NOT_RELIABLY_SEPARATED,NOT_RELIABLY_SEPARATED,12,NOT_MEASURED_FULL_TEXT_SHORTFALL,NOT_MEASURED_FULL_TEXT_SHORTFALL,NOT_MEASURED_FULL_TEXT_SHORTFALL,NOT_MEASURED_FULL_TEXT_SHORTFALL,NOT_MEASURED_FULL_TEXT_SHORTFALL,NOT_MEASURED_FULL_TEXT_SHORTFALL,NOT_MEASURED_FULL_TEXT_SHORTFALL,problem/context; stated semantic or systems contribution (abstract-level only),NOT_MEASURED_FULL_TEXT_SHORTFALL,abstract-level classification only,NOT_MEASURED_FULL_TEXT_SHORTFALL,assumption scope; relation to concrete languages; proof/evaluation completeness,METADATA_COMPLETE_STRUCTURE_UNMEASURED
ADJ06,Dynamic Path-Based Software Watermarking,Collberg et al.,2004,Proceedings of PLDI,10.1145/996841.996856,adjacent_top_venue,concrete watermark embedding/evaluation,METADATA_AND_ABSTRACT,NOT_RELIABLY_SEPARATED,NOT_RELIABLY_SEPARATED,12,NOT_MEASURED_FULL_TEXT_SHORTFALL,NOT_MEASURED_FULL_TEXT_SHORTFALL,NOT_MEASURED_FULL_TEXT_SHORTFALL,NOT_MEASURED_FULL_TEXT_SHORTFALL,NOT_MEASURED_FULL_TEXT_SHORTFALL,NOT_MEASURED_FULL_TEXT_SHORTFALL,NOT_MEASURED_FULL_TEXT_SHORTFALL,problem/context; stated semantic or systems contribution (abstract-level only),NOT_MEASURED_FULL_TEXT_SHORTFALL,abstract-level classification only,NOT_MEASURED_FULL_TEXT_SHORTFALL,assumption scope; relation to concrete languages; proof/evaluation completeness,METADATA_COMPLETE_STRUCTURE_UNMEASURED
